Date,MARA_Close,RIOT_Close,^GSPC_Close
2020-01-02,1.0499999523162842,1.2200000286102295,3257.85009765625
2020-01-03,0.9599999785423279,1.1799999475479126,3234.85009765625
2020-01-06,0.9700000286102295,1.2999999523162842,3246.280029296875
2020-01-07,1.090000033378601,1.4900000095367432,3237.179931640625
2020-01-08,0.949999988079071,1.3700000047683716,3253.050048828125
2020-01-09,0.9300000071525574,1.3300000429153442,3274.699951171875
2020-01-10,0.9300000071525574,1.409999966621399,3265.35009765625
2020-01-13,0.9100000262260437,1.3600000143051147,3288.1298828125
2020-01-14,0.9900000095367432,1.4199999570846558,3283.14990234375
2020-01-15,0.9900000095367432,1.399999976158142,3289.2900390625
2020-01-16,1.0199999809265137,1.4299999475479126,3316.81005859375
2020-01-17,1.0299999713897705,1.4600000381469727,3329.6201171875
2020-01-21,0.9800000190734863,1.399999976158142,3320.7900390625
2020-01-22,0.9800000190734863,1.340000033378601,3321.75
2020-01-23,0.9399999976158142,1.2599999904632568,3325.5400390625
2020-01-24,0.9300000071525574,1.2599999904632568,3295.469970703125
2020-01-27,0.949999988079071,1.2400000095367432,3243.6298828125
2020-01-28,1.0099999904632568,1.309999942779541,3276.239990234375
2020-01-29,0.9900000095367432,1.309999942779541,3273.39990234375
2020-01-30,1.0700000524520874,1.4299999475479126,3283.659912109375
2020-01-31,1.0399999618530273,1.350000023841858,3225.52001953125
2020-02-03,1.0199999809265137,1.3600000143051147,3248.919921875
2020-02-04,1.0199999809265137,1.3799999952316284,3297.590087890625
2020-02-05,1.149999976158142,1.4800000190734863,3334.68994140625
2020-02-06,1.1100000143051147,1.4299999475479126,3345.780029296875
2020-02-07,1.1399999856948853,1.4299999475479126,3327.7099609375
2020-02-10,1.1100000143051147,1.4800000190734863,3352.090087890625
2020-02-11,1.1799999475479126,1.6799999475479126,3357.75
2020-02-12,1.2599999904632568,1.600000023841858,3379.449951171875
2020-02-13,1.25,1.6100000143051147,3373.93994140625
2020-02-14,1.25,1.6399999856948853,3380.159912109375
2020-02-18,1.1100000143051147,1.5,3370.2900390625
2020-02-19,1.0700000524520874,1.5,3386.14990234375
2020-02-20,1.0399999618530273,1.4199999570846558,3373.22998046875
2020-02-21,1.0299999713897705,1.409999966621399,3337.75
2020-02-24,0.9800000190734863,1.3300000429153442,3225.889892578125
2020-02-25,0.949999988079071,1.2599999904632568,3128.2099609375
2020-02-26,0.9599999785423279,1.2450000047683716,3116.389892578125
2020-02-27,0.9300000071525574,1.2300000190734863,2978.760009765625
2020-02-28,0.8600000143051147,1.1399999856948853,2954.219970703125
2020-03-02,0.8799999952316284,1.1799999475479126,3090.22998046875
2020-03-03,0.8999999761581421,1.1399999856948853,3003.3701171875
2020-03-04,0.9100000262260437,1.1649999618530273,3130.1201171875
2020-03-05,0.9100000262260437,1.2799999713897705,3023.93994140625
2020-03-06,0.8899999856948853,1.2699999809265137,2972.3701171875
2020-03-09,0.7200000286102295,1.0800000429153442,2746.56005859375
2020-03-10,0.7400000095367432,1.0700000524520874,2882.22998046875
2020-03-11,0.7200000286102295,1.0099999904632568,2741.3798828125
2020-03-12,0.5400000214576721,0.7279999852180481,2480.639892578125
2020-03-13,0.6000000238418579,0.7200000286102295,2711.02001953125
2020-03-16,0.49000000953674316,0.6579999923706055,2386.1298828125
2020-03-17,0.47999998927116394,0.7480000257492065,2529.18994140625
2020-03-18,0.4000000059604645,0.6499999761581421,2398.10009765625
2020-03-19,0.47999998927116394,0.703000009059906,2409.389892578125
2020-03-20,0.5199999809265137,0.7049999833106995,2304.919921875
2020-03-23,0.44999998807907104,0.6690000295639038,2237.39990234375
2020-03-24,0.5199999809265137,0.7979999780654907,2447.330078125
2020-03-25,0.5,0.7730000019073486,2475.56005859375
2020-03-26,0.5199999809265137,0.8159999847412109,2630.070068359375
2020-03-27,0.5,0.7889999747276306,2541.469970703125
2020-03-30,0.49000000953674316,0.7919999957084656,2626.64990234375
2020-03-31,0.44999998807907104,0.8330000042915344,2584.590087890625
2020-04-01,0.4000000059604645,0.7730000019073486,2470.5
2020-04-02,0.44999998807907104,0.7799999713897705,2526.89990234375
2020-04-03,0.46000000834465027,0.8999999761581421,2488.64990234375
2020-04-06,0.5,1.0950000286102295,2663.679931640625
2020-04-07,0.5,1.0199999809265137,2659.409912109375
2020-04-08,0.47999998927116394,1.0700000524520874,2749.97998046875
2020-04-09,0.46000000834465027,1.0299999713897705,2789.820068359375
2020-04-13,0.4399999976158142,1.0099999904632568,2761.6298828125
2020-04-14,0.44999998807907104,1.0099999904632568,2846.06005859375
2020-04-15,0.44999998807907104,1.1299999952316284,2783.360107421875
2020-04-16,0.4300000071525574,1.1699999570846558,2799.550048828125
2020-04-17,0.4300000071525574,1.1399999856948853,2874.56005859375
2020-04-20,0.4300000071525574,1.100000023841858,2823.159912109375
2020-04-21,0.41999998688697815,1.0199999809265137,2736.56005859375
2020-04-22,0.41999998688697815,1.0700000524520874,2799.31005859375
2020-04-23,0.5,1.149999976158142,2797.800048828125
2020-04-24,0.4699999988079071,1.25,2836.739990234375
2020-04-27,0.46000000834465027,1.2400000095367432,2878.47998046875
2020-04-28,0.4399999976158142,1.159999966621399,2863.389892578125
2020-04-29,0.47999998927116394,1.2100000381469727,2939.510009765625
2020-04-30,0.44999998807907104,1.2100000381469727,2912.429931640625
2020-05-01,0.4399999976158142,1.0700000524520874,2830.7099609375
2020-05-04,0.4300000071525574,1.1200000047683716,2842.739990234375
2020-05-05,0.44999998807907104,1.149999976158142,2868.43994140625
2020-05-06,0.5199999809265137,1.2699999809265137,2848.419921875
2020-05-07,0.6700000166893005,1.5399999618530273,2881.18994140625
2020-05-08,0.8999999761581421,1.850000023841858,2929.800048828125
2020-05-11,0.7599999904632568,1.590000033378601,2930.18994140625
2020-05-12,0.6200000047683716,1.600000023841858,2870.1201171875
2020-05-13,0.7400000095367432,1.8899999856948853,2820.0
2020-05-14,0.8600000143051147,2.2799999713897705,2852.5
2020-05-15,0.800000011920929,2.0799999237060547,2863.699951171875
2020-05-18,0.8100000023841858,2.190000057220459,2953.909912109375
2020-05-19,0.8100000023841858,2.2300000190734863,2922.93994140625
2020-05-20,0.8299999833106995,2.5299999713897705,2971.610107421875
2020-05-21,0.7099999785423279,2.3299999237060547,2948.510009765625
2020-05-22,0.7300000190734863,2.240000009536743,2955.449951171875
2020-05-26,0.7200000286102295,1.9500000476837158,2991.77001953125
2020-05-27,0.7200000286102295,2.119999885559082,3036.1298828125
2020-05-28,0.7300000190734863,2.2100000381469727,3029.72998046875
2020-05-29,0.699999988079071,2.140000104904175,3044.31005859375
2020-06-01,0.7300000190734863,2.2699999809265137,3055.72998046875
2020-06-02,0.8199999928474426,2.509999990463257,3080.820068359375
2020-06-03,0.9200000166893005,2.4100000858306885,3122.8701171875
2020-06-04,1.090000033378601,2.630000114440918,3112.35009765625
2020-06-05,1.0,2.5999999046325684,3193.929931640625
2020-06-08,0.9100000262260437,2.569999933242798,3232.389892578125
2020-06-09,0.8999999761581421,2.619999885559082,3207.179931640625
2020-06-10,1.25,3.0999999046325684,3190.139892578125
2020-06-11,0.9300000071525574,2.180000066757202,3002.10009765625
2020-06-12,0.9300000071525574,2.2899999618530273,3041.31005859375
2020-06-15,0.949999988079071,2.309999942779541,3066.590087890625
2020-06-16,0.9399999976158142,2.3499999046325684,3124.739990234375
2020-06-17,0.8799999952316284,2.2699999809265137,3113.489990234375
2020-06-18,0.8600000143051147,2.190000057220459,3115.340087890625
2020-06-19,0.8399999737739563,2.109999895095825,3097.739990234375
2020-06-22,1.090000033378601,2.509999990463257,3117.860107421875
2020-06-23,1.100000023841858,2.5999999046325684,3131.2900390625
2020-06-24,0.9800000190734863,2.369999885559082,3050.330078125
2020-06-25,1.0099999904632568,2.3299999237060547,3083.760009765625
2020-06-26,0.9200000166893005,2.200000047683716,3009.050048828125
2020-06-29,0.8899999856948853,2.140000104904175,3053.239990234375
2020-06-30,0.9100000262260437,2.2200000286102295,3100.2900390625
2020-07-01,0.9300000071525574,2.3399999141693115,3115.860107421875
2020-07-02,0.9100000262260437,2.2899999618530273,3130.010009765625
2020-07-06,0.9399999976158142,2.380000114440918,3179.719970703125
2020-07-07,0.8999999761581421,2.2899999618530273,3145.320068359375
2020-07-08,1.0,2.5399999618530273,3169.93994140625
2020-07-09,0.9399999976158142,2.359999895095825,3152.050048828125
2020-07-10,0.9300000071525574,2.3299999237060547,3185.0400390625
2020-07-13,0.8799999952316284,2.180000066757202,3155.219970703125
2020-07-14,0.9100000262260437,2.25,3197.52001953125
2020-07-15,0.9200000166893005,2.259999990463257,3226.56005859375
2020-07-16,0.9100000262260437,2.2200000286102295,3215.570068359375
2020-07-17,0.8999999761581421,2.2300000190734863,3224.72998046875
2020-07-20,0.9300000071525574,2.259999990463257,3251.840087890625
2020-07-21,0.9399999976158142,2.299999952316284,3257.300048828125
2020-07-22,1.0499999523162842,2.3399999141693115,3276.02001953125
2020-07-23,0.9599999785423279,2.2899999618530273,3235.659912109375
2020-07-24,1.0399999618530273,2.2200000286102295,3215.6298828125
2020-07-27,1.4199999570846558,2.640000104904175,3239.409912109375
2020-07-28,1.7100000381469727,2.7699999809265137,3218.43994140625
2020-07-29,1.8200000524520874,2.75,3258.43994140625
2020-07-30,1.7799999713897705,2.549999952316284,3246.219970703125
2020-07-31,2.0299999713897705,2.640000104904175,3271.1201171875
2020-08-03,3.8299999237060547,3.5,3294.610107421875
2020-08-04,3.309999942779541,3.4000000953674316,3306.510009765625
2020-08-05,4.199999809265137,4.010000228881836,3327.77001953125
2020-08-06,5.090000152587891,4.25,3349.159912109375
2020-08-07,4.380000114440918,3.7699999809265137,3351.280029296875
2020-08-10,4.440000057220459,4.130000114440918,3360.469970703125
2020-08-11,3.859999895095825,3.619999885559082,3333.68994140625
2020-08-12,3.569999933242798,3.5399999618530273,3380.35009765625
2020-08-13,3.549999952316284,3.609999895095825,3373.429931640625
2020-08-14,3.869999885559082,3.7799999713897705,3372.85009765625
2020-08-17,3.7200000286102295,4.150000095367432,3381.989990234375
2020-08-18,3.4100000858306885,4.039999961853027,3389.780029296875
2020-08-19,3.140000104904175,3.690000057220459,3374.85009765625
2020-08-20,3.2699999809265137,3.990000009536743,3385.510009765625
2020-08-21,2.7100000381469727,3.7249999046325684,3397.159912109375
2020-08-24,2.309999942779541,3.630000114440918,3431.280029296875
2020-08-25,2.440000057220459,3.5799999237060547,3443.6201171875
2020-08-26,2.5399999618530273,3.4100000858306885,3478.72998046875
2020-08-27,2.259999990463257,3.2699999809265137,3484.550048828125
2020-08-28,2.559999942779541,3.5899999141693115,3508.010009765625
2020-08-31,2.4800000190734863,3.5,3500.31005859375
2020-09-01,2.569999933242798,3.75,3526.64990234375
2020-09-02,2.380000114440918,3.430000066757202,3580.840087890625
2020-09-03,2.0999999046325684,3.1600000858306885,3455.06005859375
2020-09-04,2.0899999141693115,3.109999895095825,3426.9599609375
2020-09-08,1.850000023841858,2.819999933242798,3331.840087890625
2020-09-09,1.9700000286102295,2.950000047683716,3398.9599609375
2020-09-10,1.8899999856948853,2.809999942779541,3339.18994140625
2020-09-11,1.7999999523162842,2.9100000858306885,3340.969970703125
2020-09-14,1.9800000190734863,3.0199999809265137,3383.5400390625
2020-09-15,1.9800000190734863,3.0,3401.199951171875
2020-09-16,2.069999933242798,3.049999952316284,3385.489990234375
2020-09-17,1.9900000095367432,3.0,3357.010009765625
2020-09-18,1.9199999570846558,3.049999952316284,3319.469970703125
2020-09-21,1.8899999856948853,2.930000066757202,3281.06005859375
2020-09-22,1.8200000524520874,2.930000066757202,3315.570068359375
2020-09-23,1.6399999856948853,2.5999999046325684,3236.919921875
2020-09-24,1.75,2.690000057220459,3246.590087890625
2020-09-25,1.9299999475479126,2.680000066757202,3298.4599609375
2020-09-28,2.0199999809265137,2.740000009536743,3351.60009765625
2020-09-29,2.0199999809265137,2.759999990463257,3335.469970703125
2020-09-30,1.9600000381469727,2.700000047683716,3363.0
2020-10-01,1.9500000476837158,2.6500000953674316,3380.800048828125
2020-10-02,1.9600000381469727,2.5999999046325684,3348.419921875
2020-10-05,1.9600000381469727,2.6600000858306885,3408.60009765625
2020-10-06,1.8700000047683716,2.569999933242798,3360.969970703125
2020-10-07,1.940000057220459,2.6600000858306885,3419.43994140625
2020-10-08,2.140000104904175,2.930000066757202,3446.830078125
2020-10-09,2.1600000858306885,3.0950000286102295,3477.139892578125
2020-10-12,2.4200000762939453,3.5,3534.219970703125
2020-10-13,2.359999895095825,3.369999885559082,3511.929931640625
2020-10-14,2.25,3.2799999713897705,3488.669921875
2020-10-15,2.3299999237060547,3.4000000953674316,3483.340087890625
2020-10-16,2.180000066757202,3.109999895095825,3483.81005859375
2020-10-19,2.3399999141693115,3.299999952316284,3426.919921875
2020-10-20,2.4600000381469727,3.5399999618530273,3443.1201171875
2020-10-21,2.8399999141693115,3.9800000190734863,3435.56005859375
2020-10-22,3.0,4.054999828338623,3453.489990234375
2020-10-23,2.740000009536743,3.9100000858306885,3465.389892578125
2020-10-26,2.5399999618530273,3.8499999046325684,3400.969970703125
2020-10-27,2.759999990463257,4.019999980926514,3390.679931640625
2020-10-28,2.3499999046325684,3.5,3271.030029296875
2020-10-29,2.2799999713897705,3.549999952316284,3310.110107421875
2020-10-30,2.1600000858306885,3.2699999809265137,3269.9599609375
2020-11-02,2.0999999046325684,3.2899999618530273,3310.239990234375
2020-11-03,2.2200000286102295,3.5,3369.159912109375
2020-11-04,2.3499999046325684,3.549999952316284,3443.43994140625
2020-11-05,2.5,3.75,3510.449951171875
2020-11-06,2.4100000858306885,3.6500000953674316,3509.43994140625
2020-11-09,2.2100000381469727,3.5,3550.5
2020-11-10,2.190000057220459,3.450000047683716,3545.530029296875
2020-11-11,2.3299999237060547,3.5999999046325684,3572.659912109375
2020-11-12,2.299999952316284,3.700000047683716,3537.010009765625
2020-11-13,2.390000104904175,3.9800000190734863,3585.14990234375
2020-11-16,2.4800000190734863,4.099999904632568,3626.909912109375
2020-11-17,3.0999999046325684,6.085000038146973,3609.530029296875
2020-11-18,2.890000104904175,5.25,3567.7900390625
2020-11-19,3.0899999141693115,6.0,3581.8701171875
2020-11-20,3.390000104904175,5.994999885559082,3557.5400390625
2020-11-23,4.920000076293945,7.230000019073486,3577.590087890625
2020-11-24,4.909999847412109,6.809999942779541,3635.409912109375
2020-11-25,5.119999885559082,7.079999923706055,3629.64990234375
2020-11-27,4.28000020980835,6.25,3638.35009765625
2020-11-30,6.28000020980835,8.449999809265137,3621.6298828125
2020-12-01,6.190000057220459,8.8100004196167,3662.449951171875
2020-12-02,5.760000228881836,8.510000228881836,3669.010009765625
2020-12-03,5.909999847412109,9.65999984741211,3666.719970703125
2020-12-04,5.400000095367432,10.0,3699.1201171875
2020-12-07,5.510000228881836,10.630000114440918,3691.9599609375
2020-12-08,5.179999828338623,9.869999885559082,3702.25
2020-12-09,4.78000020980835,8.850000381469727,3672.820068359375
2020-12-10,5.21999979019165,9.34000015258789,3668.10009765625
2020-12-11,4.75,8.65999984741211,3663.4599609375
2020-12-14,5.539999961853027,9.140000343322754,3647.489990234375
2020-12-15,7.070000171661377,10.180000305175781,3694.6201171875
2020-12-16,8.229999542236328,10.760000228881836,3701.169921875
2020-12-17,9.470000267028809,10.395000457763672,3722.47998046875
2020-12-18,9.3100004196167,10.050000190734863,3709.409912109375
2020-12-21,11.5,11.039999961853027,3694.919921875
2020-12-22,13.970000267028809,14.645000457763672,3687.260009765625
2020-12-23,10.8100004196167,13.90999984741211,3690.010009765625
2020-12-24,10.920000076293945,13.119999885559082,3703.06005859375
2020-12-28,12.25,15.649999618530273,3735.360107421875
2020-12-29,11.760000228881836,15.789999961853027,3727.0400390625
2020-12-30,10.880000114440918,17.260000228881836,3732.0400390625
2020-12-31,10.4399995803833,16.989999771118164,3756.070068359375
2021-01-04,11.010000228881836,16.479999542236328,3700.64990234375
2021-01-05,13.59000015258789,18.40999984741211,3726.860107421875
2021-01-06,16.959999084472656,19.280000686645508,3748.139892578125
2021-01-07,22.360000610351562,22.719999313354492,3803.7900390625
2021-01-08,26.389999389648438,26.59000015258789,3824.679931640625
2021-01-11,23.360000610351562,22.639999389648438,3799.610107421875
2021-01-12,26.149999618530273,24.209999084472656,3801.18994140625
2021-01-13,23.0,23.8799991607666,3809.840087890625
2021-01-14,24.440000534057617,28.899999618530273,3795.5400390625
2021-01-15,22.389999389648438,25.780000686645508,3768.25
2021-01-19,22.350000381469727,25.200000762939453,3798.909912109375
2021-01-20,19.270000457763672,22.280000686645508,3851.85009765625
2021-01-21,17.559999465942383,19.350000381469727,3853.070068359375
2021-01-22,18.299999237060547,20.969999313354492,3841.469970703125
2021-01-25,18.219999313354492,19.670000076293945,3855.360107421875
2021-01-26,18.600000381469727,19.31999969482422,3849.6201171875
2021-01-27,17.649999618530273,17.93000030517578,3750.77001953125
2021-01-28,19.899999618530273,19.93000030517578,3787.3798828125
2021-01-29,20.739999771118164,20.520000457763672,3714.239990234375
2021-02-01,20.739999771118164,19.979999542236328,3773.860107421875
2021-02-02,22.739999771118164,21.489999771118164,3826.31005859375
2021-02-03,23.670000076293945,22.850000381469727,3830.169921875
2021-02-04,22.799999237060547,23.079999923706055,3871.739990234375
2021-02-05,22.520000457763672,23.3799991607666,3886.830078125
2021-02-08,32.06999969482422,32.790000915527344,3915.590087890625
2021-02-09,37.59000015258789,39.86000061035156,3911.22998046875
2021-02-10,34.0099983215332,36.560001373291016,3909.8798828125
2021-02-11,37.27000045776367,43.09000015258789,3916.3798828125
2021-02-12,38.459999084472656,49.279998779296875,3934.830078125
2021-02-16,43.560001373291016,59.5,3932.590087890625
2021-02-17,47.900001525878906,77.9000015258789,3931.330078125
2021-02-18,40.97999954223633,62.029998779296875,3913.969970703125
2021-02-19,43.27000045776367,71.33000183105469,3906.7099609375
2021-02-22,37.11000061035156,64.76000213623047,3876.5
2021-02-23,28.559999465942383,48.79999923706055,3881.3701171875
2021-02-24,33.40999984741211,52.27000045776367,3925.429931640625
2021-02-25,30.6299991607666,45.66999816894531,3829.340087890625
2021-02-26,30.149999618530273,43.7400016784668,3811.14990234375
2021-03-01,38.5,53.599998474121094,3901.820068359375
2021-03-02,34.88999938964844,49.099998474121094,3870.2900390625
2021-03-03,36.619998931884766,49.56999969482422,3819.719970703125
2021-03-04,32.0099983215332,44.290000915527344,3768.469970703125
2021-03-05,30.030000686645508,40.29999923706055,3841.93994140625
2021-03-08,28.510000228881836,38.97999954223633,3821.35009765625
2021-03-09,36.77000045776367,52.15999984741211,3875.43994140625
2021-03-10,38.189998626708984,56.5,3898.81005859375
2021-03-11,41.810001373291016,63.310001373291016,3939.340087890625
2021-03-12,40.70000076293945,62.810001373291016,3943.340087890625
2021-03-15,43.099998474121094,63.43000030517578,3968.93994140625
2021-03-16,38.36000061035156,56.97999954223633,3962.7099609375
2021-03-17,43.18000030517578,64.73999786376953,3974.1201171875
2021-03-18,41.560001373291016,60.189998626708984,3915.4599609375
2021-03-19,43.04999923706055,60.650001525878906,3913.10009765625
2021-03-22,39.9900016784668,56.0099983215332,3940.590087890625
2021-03-23,38.040000915527344,50.119998931884766,3910.52001953125
2021-03-24,34.040000915527344,45.709999084472656,3889.139892578125
2021-03-25,34.20000076293945,48.16999816894531,3909.52001953125
2021-03-26,36.09000015258789,48.220001220703125,3974.5400390625
2021-03-29,38.130001068115234,47.88999938964844,3971.090087890625
2021-03-30,44.13999938964844,51.5099983215332,3958.550048828125
2021-03-31,48.02000045776367,53.27000045776367,3972.889892578125
2021-04-01,48.849998474121094,52.029998779296875,4019.8701171875
2021-04-05,56.560001373291016,56.900001525878906,4077.909912109375
2021-04-06,52.45000076293945,54.099998474121094,4073.93994140625
2021-04-07,46.2599983215332,48.369998931884766,4079.949951171875
2021-04-08,49.81999969482422,49.54999923706055,4097.169921875
2021-04-09,49.0,49.630001068115234,4128.7998046875
2021-04-12,50.06999969482422,51.529998779296875,4127.990234375
2021-04-13,51.0,59.2599983215332,4141.58984375
2021-04-14,42.970001220703125,50.15999984741211,4124.66015625
2021-04-15,42.13999938964844,48.11000061035156,4170.419921875
2021-04-16,38.93000030517578,44.63999938964844,4185.47021484375
2021-04-19,35.54999923706055,40.900001525878906,4163.259765625
2021-04-20,33.56999969482422,38.560001373291016,4134.93994140625
2021-04-21,34.93000030517578,41.310001373291016,4173.419921875
2021-04-22,31.059999465942383,36.4900016784668,4134.97998046875
2021-04-23,32.29999923706055,38.47999954223633,4180.169921875
2021-04-26,34.13999938964844,40.88999938964844,4187.6201171875
2021-04-27,34.119998931884766,40.52000045776367,4186.72021484375
2021-04-28,37.63999938964844,43.93000030517578,4183.18017578125
2021-04-29,34.2599983215332,40.33000183105469,4211.47021484375
2021-04-30,36.779998779296875,41.83000183105469,4181.169921875
2021-05-03,36.220001220703125,39.9900016784668,4192.66015625
2021-05-04,33.95000076293945,37.56999969482422,4164.66015625
2021-05-05,33.54999923706055,36.619998931884766,4167.58984375
2021-05-06,31.399999618530273,33.45000076293945,4201.6201171875
2021-05-07,31.329999923706055,33.38999938964844,4232.60009765625
2021-05-10,27.81999969482422,29.950000762939453,4188.43017578125
2021-05-11,25.950000762939453,29.8700008392334,4152.10009765625
2021-05-12,22.850000381469727,26.520000457763672,4063.0400390625
2021-05-13,19.65999984741211,22.229999542236328,4112.5
2021-05-14,23.079999923706055,26.020000457763672,4173.85009765625
2021-05-17,22.360000610351562,24.309999465942383,4163.2900390625
2021-05-18,22.989999771118164,25.559999465942383,4127.830078125
2021-05-19,21.709999084472656,24.139999389648438,4115.68017578125
2021-05-20,21.889999389648438,24.18000030517578,4159.1201171875
2021-05-21,20.889999389648438,22.84000015258789,4155.85986328125
2021-05-24,23.149999618530273,25.950000762939453,4197.0498046875
2021-05-25,22.6200008392334,25.139999389648438,4188.1298828125
2021-05-26,25.260000228881836,27.639999389648438,4195.990234375
2021-05-27,25.84000015258789,28.5,4200.8798828125
2021-05-28,24.770000457763672,27.1299991607666,4204.10986328125
2021-06-01,25.200000762939453,29.229999542236328,4202.0400390625
2021-06-02,25.239999771118164,30.030000686645508,4208.1201171875
2021-06-03,23.790000915527344,28.280000686645508,4192.85009765625
2021-06-04,24.350000381469727,29.149999618530273,4229.89013671875
2021-06-07,24.389999389648438,28.81999969482422,4226.52001953125
2021-06-08,23.639999389648438,28.059999465942383,4227.259765625
2021-06-09,26.139999389648438,31.40999984741211,4219.5498046875
2021-06-10,26.510000228881836,31.639999389648438,4239.18017578125
2021-06-11,26.549999237060547,31.030000686645508,4247.43994140625
2021-06-14,29.940000534057617,35.400001525878906,4255.14990234375
2021-06-15,30.670000076293945,35.060001373291016,4246.58984375
2021-06-16,29.969999313354492,34.20000076293945,4223.7001953125
2021-06-17,30.059999465942383,34.29999923706055,4221.85986328125
2021-06-18,28.920000076293945,32.18000030517578,4166.4501953125
2021-06-21,27.829999923706055,31.56999969482422,4224.7900390625
2021-06-22,27.34000015258789,32.22999954223633,4246.43994140625
2021-06-23,27.610000610351562,32.47999954223633,4241.83984375
2021-06-24,29.479999542236328,34.02000045776367,4266.490234375
2021-06-25,28.190000534057617,32.970001220703125,4280.7001953125
2021-06-28,30.110000610351562,36.18000030517578,4290.60986328125
2021-06-29,31.889999389648438,37.810001373291016,4291.7998046875
2021-06-30,31.3700008392334,37.66999816894531,4297.5
2021-07-01,30.690000534057617,36.209999084472656,4319.93994140625
2021-07-02,30.290000915527344,36.22999954223633,4352.33984375
2021-07-06,29.719999313354492,35.43000030517578,4343.5400390625
2021-07-07,28.59000015258789,35.439998626708984,4358.1298828125
2021-07-08,27.790000915527344,33.720001220703125,4320.81982421875
2021-07-09,27.690000534057617,32.83000183105469,4369.5498046875
2021-07-12,27.3700008392334,31.399999618530273,4384.6298828125
2021-07-13,25.959999084472656,30.059999465942383,4369.2099609375
2021-07-14,24.639999389648438,28.59000015258789,4374.2998046875
2021-07-15,24.479999542236328,28.219999313354492,4360.02978515625
2021-07-16,23.329999923706055,27.280000686645508,4327.16015625
2021-07-19,22.350000381469727,25.959999084472656,4258.490234375
2021-07-20,22.6299991607666,25.850000381469727,4323.06005859375
2021-07-21,25.059999465942383,29.15999984741211,4358.68994140625
2021-07-22,25.260000228881836,28.8700008392334,4367.47998046875
2021-07-23,24.639999389648438,28.100000381469727,4411.7900390625
2021-07-26,29.579999923706055,34.0,4422.2998046875
2021-07-27,27.020000457763672,31.639999389648438,4401.4599609375
2021-07-28,28.15999984741211,32.959999084472656,4400.64013671875
2021-07-29,27.479999542236328,31.899999618530273,4419.14990234375
2021-07-30,27.6299991607666,32.95000076293945,4395.259765625
2021-08-02,28.229999542236328,33.45000076293945,4387.16015625
2021-08-03,27.1299991607666,31.479999542236328,4423.14990234375
2021-08-04,28.719999313354492,32.709999084472656,4402.66015625
2021-08-05,31.469999313354492,33.59000015258789,4429.10009765625
2021-08-06,34.25,34.970001220703125,4436.52001953125
2021-08-09,35.97999954223633,37.83000183105469,4432.35009765625
2021-08-10,35.70000076293945,38.4900016784668,4436.75
2021-08-11,35.18000030517578,37.7599983215332,4442.41015625
2021-08-12,33.84000015258789,36.83000183105469,4460.830078125
2021-08-13,32.880001068115234,35.810001373291016,4468.0
2021-08-16,33.040000915527344,35.83000183105469,4479.7099609375
2021-08-17,30.649999618530273,32.7599983215332,4448.080078125
2021-08-18,30.780000686645508,31.889999389648438,4400.27001953125
2021-08-19,31.809999465942383,32.08000183105469,4405.7998046875
2021-08-20,35.2599983215332,34.33000183105469,4441.669921875
2021-08-23,36.7599983215332,35.72999954223633,4479.52978515625
2021-08-24,37.97999954223633,37.630001068115234,4486.22998046875
2021-08-25,38.33000183105469,37.720001220703125,4496.18994140625
2021-08-26,36.220001220703125,36.279998779296875,4470.0
2021-08-27,40.20000076293945,38.56999969482422,4509.3701171875
2021-08-30,40.540000915527344,37.70000076293945,4528.7900390625
2021-08-31,40.59000015258789,37.31999969482422,4522.68017578125
2021-09-01,41.18000030517578,36.5,4524.08984375
2021-09-02,42.20000076293945,35.959999084472656,4536.9501953125
2021-09-03,43.40999984741211,34.43000030517578,4535.43017578125
2021-09-07,39.38999938964844,32.11000061035156,4520.02978515625
2021-09-08,37.290000915527344,30.385000228881836,4514.06982421875
2021-09-09,38.88999938964844,31.350000381469727,4493.27978515625
2021-09-10,35.7400016784668,29.6200008392334,4458.580078125
2021-09-13,35.59000015258789,29.299999237060547,4468.72998046875
2021-09-14,34.68000030517578,28.84000015258789,4443.0498046875
2021-09-15,37.04999923706055,30.329999923706055,4480.7001953125
2021-09-16,36.34000015258789,29.3700008392334,4473.75
2021-09-17,35.84000015258789,29.299999237060547,4432.990234375
2021-09-20,33.88999938964844,27.530000686645508,4357.72998046875
2021-09-21,33.2400016784668,27.360000610351562,4354.18994140625
2021-09-22,35.70000076293945,28.729999542236328,4395.64013671875
2021-09-23,37.70000076293945,29.389999389648438,4448.97998046875
2021-09-24,36.18000030517578,27.93000030517578,4455.47998046875
2021-09-27,35.16999816894531,27.770000457763672,4443.10986328125
2021-09-28,32.75,25.780000686645508,4352.6298828125
2021-09-29,30.610000610351562,24.8700008392334,4359.4599609375
2021-09-30,31.579999923706055,25.700000762939453,4307.5400390625
2021-10-01,33.16999816894531,26.100000381469727,4357.0400390625
2021-10-04,33.630001068115234,25.25,4300.4599609375
2021-10-05,37.189998626708984,26.34000015258789,4345.72021484375
2021-10-06,38.959999084472656,26.610000610351562,4363.5498046875
2021-10-07,38.41999816894531,26.1200008392334,4399.759765625
2021-10-08,39.4900016784668,25.829999923706055,4391.33984375
2021-10-11,42.959999084472656,27.6299991607666,4361.18994140625
2021-10-12,40.86000061035156,25.510000228881836,4350.64990234375
2021-10-13,43.790000915527344,25.639999389648438,4363.7998046875
2021-10-14,43.59000015258789,26.1200008392334,4438.259765625
2021-10-15,48.88999938964844,27.850000381469727,4471.3701171875
2021-10-18,51.45000076293945,29.799999237060547,4486.4599609375
2021-10-19,53.90999984741211,30.829999923706055,4519.6298828125
2021-10-20,53.06999969482422,31.440000534057617,4536.18994140625
2021-10-21,50.90999984741211,29.440000534057617,4549.77978515625
2021-10-22,49.459999084472656,28.280000686645508,4544.89990234375
2021-10-25,54.689998626708984,29.59000015258789,4566.47998046875
2021-10-26,52.86000061035156,28.440000534057617,4574.7900390625
2021-10-27,50.040000915527344,26.59000015258789,4551.68017578125
2021-10-28,50.38999938964844,27.540000915527344,4596.419921875
2021-10-29,52.2400016784668,27.219999313354492,4605.3798828125
2021-11-01,55.5099983215332,28.09000015258789,4613.669921875
2021-11-02,63.34000015258789,31.899999618530273,4630.64990234375
2021-11-03,64.66000366210938,32.7599983215332,4660.56982421875
2021-11-04,64.29000091552734,32.720001220703125,4680.06005859375
2021-11-05,63.81999969482422,31.489999771118164,4697.52978515625
2021-11-08,75.30000305175781,36.689998626708984,4701.7001953125
2021-11-09,76.08999633789062,39.86000061035156,4685.25
2021-11-10,64.83999633789062,36.4900016784668,4646.7099609375
2021-11-11,70.69000244140625,39.529998779296875,4649.27001953125
2021-11-12,75.91999816894531,44.189998626708984,4682.85009765625
2021-11-15,55.400001525878906,42.09000015258789,4682.7998046875
2021-11-16,55.369998931884766,36.900001525878906,4700.89990234375
2021-11-17,50.95000076293945,35.279998779296875,4688.669921875
2021-11-18,51.459999084472656,33.630001068115234,4704.5400390625
2021-11-19,54.68000030517578,36.18000030517578,4697.9599609375
2021-11-22,49.56999969482422,33.45000076293945,4682.93994140625
2021-11-23,52.119998931884766,36.130001068115234,4690.7001953125
2021-11-24,52.38999938964844,37.0,4701.4599609375
2021-11-26,49.20000076293945,34.91999816894531,4594.6201171875
2021-11-29,51.38999938964844,37.369998931884766,4655.27001953125
2021-11-30,51.06999969482422,37.369998931884766,4567.0
2021-12-01,50.790000915527344,35.599998474121094,4513.0400390625
2021-12-02,49.06999969482422,32.970001220703125,4577.10009765625
2021-12-03,41.63999938964844,28.639999389648438,4538.43017578125
2021-12-06,41.810001373291016,28.139999389648438,4591.669921875
2021-12-07,45.70000076293945,29.68000030517578,4686.75
2021-12-08,46.63999938964844,29.34000015258789,4701.2099609375
2021-12-09,41.369998931884766,26.5,4667.4501953125
2021-12-10,40.439998626708984,26.0,4712.02001953125
2021-12-13,36.84000015258789,24.3700008392334,4668.97021484375
2021-12-14,37.33000183105469,24.93000030517578,4634.08984375
2021-12-15,38.72999954223633,25.8700008392334,4709.85009765625
2021-12-16,35.5099983215332,23.8799991607666,4668.669921875
2021-12-17,33.849998474121094,23.239999771118164,4620.64013671875
2021-12-20,32.470001220703125,22.520000457763672,4568.02001953125
2021-12-21,34.43000030517578,24.049999237060547,4649.22998046875
2021-12-22,34.130001068115234,23.6200008392334,4696.56005859375
2021-12-23,38.130001068115234,25.670000076293945,4725.7900390625
2021-12-27,39.400001525878906,25.850000381469727,4791.18994140625
2021-12-28,35.13999938964844,23.649999618530273,4786.35009765625
2021-12-29,33.90999984741211,23.0,4793.06005859375
2021-12-30,34.38999938964844,23.5,4778.72998046875
2021-12-31,32.86000061035156,22.329999923706055,4766.18017578125
2022-01-03,32.88999938964844,22.739999771118164,4796.56005859375
2022-01-04,34.130001068115234,24.3799991607666,4793.5400390625
2022-01-05,29.6200008392334,21.440000534057617,4700.580078125
2022-01-06,29.299999237060547,20.479999542236328,4696.0498046875
2022-01-07,28.489999771118164,20.360000610351562,4677.02978515625
2022-01-10,28.93000030517578,20.09000015258789,4670.2900390625
2022-01-11,29.579999923706055,20.860000610351562,4713.06982421875
2022-01-12,30.360000610351562,21.1299991607666,4726.35009765625
2022-01-13,28.100000381469727,20.149999618530273,4659.02978515625
2022-01-14,28.59000015258789,20.68000030517578,4662.85009765625
2022-01-18,26.06999969482422,18.700000762939453,4577.10986328125
2022-01-19,24.850000381469727,17.489999771118164,4532.759765625
2022-01-20,24.829999923706055,17.469999313354492,4482.72998046875
2022-01-21,22.059999465942383,14.994999885559082,4397.93994140625
2022-01-24,22.899999618530273,15.130000114440918,4410.1298828125
2022-01-25,22.18000030517578,14.640000343322754,4356.4501953125
2022-01-26,21.459999084472656,14.329999923706055,4349.93017578125
2022-01-27,19.790000915527344,13.449999809265137,4326.509765625
2022-01-28,21.969999313354492,14.699999809265137,4431.85009765625
2022-01-31,23.540000915527344,15.9399995803833,4515.5498046875
2022-02-01,25.030000686645508,16.690000534057617,4546.5400390625
2022-02-02,23.020000457763672,15.569999694824219,4589.3798828125
2022-02-03,21.209999084472656,14.789999961853027,4477.43994140625
2022-02-04,23.510000228881836,16.56999969482422,4500.52978515625
2022-02-07,25.579999923706055,17.700000762939453,4483.8701171875
2022-02-08,26.329999923706055,18.290000915527344,4521.5400390625
2022-02-09,28.989999771118164,19.649999618530273,4587.18017578125
2022-02-10,28.81999969482422,19.270000457763672,4504.080078125
2022-02-11,26.93000030517578,18.3700008392334,4418.64013671875
2022-02-14,25.549999237060547,17.920000076293945,4401.669921875
2022-02-15,28.6299991607666,19.729999542236328,4471.06982421875
2022-02-16,28.399999618530273,19.59000015258789,4475.009765625
2022-02-17,25.719999313354492,17.760000228881836,4380.259765625
2022-02-18,23.889999389648438,16.969999313354492,4348.8701171875
2022-02-22,22.530000686645508,15.949999809265137,4304.759765625
2022-02-23,21.040000915527344,15.069999694824219,4225.5
2022-02-24,22.959999084472656,16.25,4288.7001953125
2022-02-25,23.06999969482422,16.219999313354492,4384.64990234375
2022-02-28,25.350000381469727,17.229999542236328,4373.93994140625
2022-03-01,26.079999923706055,17.5,4306.259765625
2022-03-02,26.8799991607666,17.729999542236328,4386.5400390625
2022-03-03,24.65999984741211,15.970000267028809,4363.490234375
2022-03-04,22.81999969482422,14.920000076293945,4328.8701171875
2022-03-07,21.479999542236328,14.949999809265137,4201.08984375
2022-03-08,22.350000381469727,15.100000381469727,4170.7001953125
2022-03-09,25.68000030517578,16.84000015258789,4277.8798828125
2022-03-10,24.75,16.510000228881836,4259.52001953125
2022-03-11,22.489999771118164,15.140000343322754,4204.31005859375
2022-03-14,21.40999984741211,14.15999984741211,4173.10986328125
2022-03-15,22.40999984741211,14.90999984741211,4262.4501953125
2022-03-16,24.229999542236328,16.389999389648438,4357.85986328125
2022-03-17,26.65999984741211,18.43000030517578,4411.669921875
2022-03-18,27.920000076293945,19.530000686645508,4463.1201171875
2022-03-21,27.6299991607666,19.6200008392334,4461.18017578125
2022-03-22,29.440000534057617,20.75,4511.60986328125
2022-03-23,29.25,20.84000015258789,4456.240234375
2022-03-24,30.329999923706055,21.540000915527344,4520.16015625
2022-03-25,28.889999389648438,20.760000228881836,4543.06005859375
2022-03-28,31.270000457763672,22.860000610351562,4575.52001953125
2022-03-29,31.139999389648438,23.0,4631.60009765625
2022-03-30,29.559999465942383,22.040000915527344,4602.4501953125
2022-03-31,27.950000762939453,21.170000076293945,4530.41015625
2022-04-01,28.540000915527344,20.729999542236328,4545.85986328125
2022-04-04,28.920000076293945,20.690000534057617,4582.64013671875
2022-04-05,26.260000228881836,19.229999542236328,4525.1201171875
2022-04-06,24.190000534057617,17.65999984741211,4481.14990234375
2022-04-07,23.770000457763672,17.420000076293945,4500.2099609375
2022-04-08,22.68000030517578,16.68000030517578,4488.27978515625
2022-04-11,21.920000076293945,15.90999984741211,4412.52978515625
2022-04-12,21.15999984741211,15.470000267028809,4397.4501953125
2022-04-13,22.299999237060547,16.010000228881836,4446.58984375
2022-04-14,21.229999542236328,14.970000267028809,4392.58984375
2022-04-18,20.899999618530273,14.789999961853027,4391.68994140625
2022-04-19,21.5,14.880000114440918,4462.2099609375
2022-04-20,20.719999313354492,13.949999809265137,4459.4501953125
2022-04-21,19.31999969482422,12.800000190734863,4393.66015625
2022-04-22,18.149999618530273,11.850000381469727,4271.77978515625
2022-04-25,18.719999313354492,12.039999961853027,4296.1201171875
2022-04-26,17.100000381469727,11.079999923706055,4175.2001953125
2022-04-27,16.719999313354492,10.979999542236328,4183.9599609375
2022-04-28,16.860000610351562,10.9399995803833,4287.5
2022-04-29,15.600000381469727,10.140000343322754,4131.93017578125
2022-05-02,16.65999984741211,10.970000267028809,4155.3798828125
2022-05-03,16.780000686645508,10.84000015258789,4175.47998046875
2022-05-04,17.760000228881836,11.569999694824219,4300.169921875
2022-05-05,15.899999618530273,10.1899995803833,4146.8701171875
2022-05-06,14.949999809265137,9.489999771118164,4123.33984375
2022-05-09,12.079999923706055,7.670000076293945,3991.239990234375
2022-05-10,11.800000190734863,7.53000020980835,4001.050048828125
2022-05-11,9.979999542236328,6.840000152587891,3935.179931640625
2022-05-12,10.149999618530273,7.309999942779541,3930.080078125
2022-05-13,11.390000343322754,7.96999979019165,4023.889892578125
2022-05-16,10.319999694824219,7.190000057220459,4008.010009765625
2022-05-17,11.09000015258789,7.619999885559082,4088.85009765625
2022-05-18,10.15999984741211,6.929999828338623,3923.679931640625
2022-05-19,10.350000381469727,7.130000114440918,3900.7900390625
2022-05-20,9.770000457763672,6.840000152587891,3901.360107421875
2022-05-23,9.930000305175781,6.860000133514404,3973.75
2022-05-24,9.0,6.269999980926514,3941.47998046875
2022-05-25,9.270000457763672,6.429999828338623,3978.72998046875
2022-05-26,9.850000381469727,6.730000019073486,4057.840087890625
2022-05-27,10.270000457763672,7.239999771118164,4158.240234375
2022-05-31,10.229999542236328,7.190000057220459,4132.14990234375
2022-06-01,9.220000267028809,6.519999980926514,4101.22998046875
2022-06-02,9.34000015258789,6.869999885559082,4176.81982421875
2022-06-03,8.800000190734863,6.210000038146973,4108.5400390625
2022-06-06,8.930000305175781,6.369999885559082,4121.43017578125
2022-06-07,8.6899995803833,6.170000076293945,4160.68017578125
2022-06-08,8.529999732971191,5.96999979019165,4115.77001953125
2022-06-09,7.659999847412109,5.46999979019165,4017.820068359375
2022-06-10,7.539999961853027,5.170000076293945,3900.860107421875
2022-06-13,6.650000095367432,4.650000095367432,3749.6298828125
2022-06-14,6.940000057220459,4.889999866485596,3735.47998046875
2022-06-15,6.869999885559082,4.860000133514404,3789.989990234375
2022-06-16,6.570000171661377,4.53000020980835,3666.77001953125
2022-06-17,6.610000133514404,4.650000095367432,3674.840087890625
2022-06-21,7.21999979019165,5.090000152587891,3764.7900390625
2022-06-22,6.75,4.599999904632568,3759.889892578125
2022-06-23,7.050000190734863,4.940000057220459,3795.72998046875
2022-06-24,7.420000076293945,5.190000057220459,3911.739990234375
2022-06-27,6.849999904632568,4.889999866485596,3900.110107421875
2022-06-28,6.429999828338623,4.760000228881836,3821.550048828125
2022-06-29,5.800000190734863,4.5,3818.830078125
2022-06-30,5.340000152587891,4.190000057220459,3785.3798828125
2022-07-01,5.539999961853027,4.239999771118164,3825.330078125
2022-07-05,6.070000171661377,4.730000019073486,3831.389892578125
2022-07-06,5.650000095367432,4.53000020980835,3845.080078125
2022-07-07,7.010000228881836,5.28000020980835,3902.6201171875
2022-07-08,8.510000228881836,5.460000038146973,3899.3798828125
2022-07-11,7.809999942779541,4.869999885559082,3854.429931640625
2022-07-12,7.670000076293945,4.840000152587891,3818.800048828125
2022-07-13,7.760000228881836,4.929999828338623,3801.780029296875
2022-07-14,8.0,5.320000171661377,3790.3798828125
2022-07-15,8.039999961853027,5.570000171661377,3863.159912109375
2022-07-18,9.760000228881836,6.230000019073486,3830.85009765625
2022-07-19,12.899999618530273,6.980000019073486,3936.68994140625
2022-07-20,12.470000267028809,7.019999980926514,3959.89990234375
2022-07-21,13.489999771118164,7.619999885559082,3998.949951171875
2022-07-22,12.420000076293945,7.119999885559082,3961.6298828125
2022-07-25,11.569999694824219,6.650000095367432,3966.840087890625
2022-07-26,10.109999656677246,6.210000038146973,3921.050048828125
2022-07-27,12.319999694824219,7.150000095367432,4023.610107421875
2022-07-28,13.199999809265137,7.400000095367432,4072.429931640625
2022-07-29,12.989999771118164,7.320000171661377,4130.2900390625
2022-08-01,12.270000457763672,7.329999923706055,4118.6298828125
2022-08-02,12.960000038146973,7.75,4091.18994140625
2022-08-03,13.279999732971191,8.119999885559082,4155.169921875
2022-08-04,13.420000076293945,8.180000305175781,4151.93994140625
2022-08-05,14.170000076293945,8.270000457763672,4145.18994140625
2022-08-08,14.430000305175781,8.710000038146973,4140.06005859375
2022-08-09,14.109999656677246,8.145000457763672,4122.47021484375
2022-08-10,16.360000610351562,9.109999656677246,4210.240234375
2022-08-11,17.190000534057617,9.520000457763672,4207.27001953125
2022-08-12,18.239999771118164,9.930000305175781,4280.14990234375
2022-08-15,17.649999618530273,9.760000228881836,4297.14013671875
2022-08-16,16.8799991607666,9.170000076293945,4305.2001953125
2022-08-17,15.449999809265137,8.350000381469727,4274.0400390625
2022-08-18,15.59000015258789,8.279999732971191,4283.740234375
2022-08-19,13.180000305175781,7.25,4228.47998046875
2022-08-22,12.930000305175781,7.0,4137.990234375
2022-08-23,13.710000038146973,7.099999904632568,4128.72998046875
2022-08-24,13.779999732971191,7.289999961853027,4140.77001953125
2022-08-25,12.880000114440918,7.429999828338623,4199.1201171875
2022-08-26,11.350000381469727,6.789999961853027,4057.659912109375
2022-08-29,11.8100004196167,6.96999979019165,4030.610107421875
2022-08-30,11.529999732971191,6.889999866485596,3986.159912109375
2022-08-31,11.850000381469727,7.170000076293945,3955.0
2022-09-01,11.510000228881836,6.849999904632568,3966.85009765625
2022-09-02,11.380000114440918,6.630000114440918,3924.260009765625
2022-09-06,11.119999885559082,6.400000095367432,3908.18994140625
2022-09-07,11.680000305175781,6.550000190734863,3979.8701171875
2022-09-08,13.260000228881836,7.460000038146973,4006.179931640625
2022-09-09,14.15999984741211,8.260000228881836,4067.360107421875
2022-09-12,14.430000305175781,8.470000267028809,4110.41015625
2022-09-13,12.819999694824219,7.630000114440918,3932.68994140625
2022-09-14,12.600000381469727,7.559999942779541,3946.010009765625
2022-09-15,12.069999694824219,7.380000114440918,3901.35009765625
2022-09-16,10.920000076293945,6.644999980926514,3873.330078125
2022-09-19,10.869999885559082,6.519999980926514,3899.889892578125
2022-09-20,10.260000228881836,6.21999979019165,3855.929931640625
2022-09-21,10.850000381469727,6.369999885559082,3789.929931640625
2022-09-22,10.520000457763672,6.340000152587891,3757.989990234375
2022-09-23,9.470000267028809,6.329999923706055,3693.22998046875
2022-09-26,9.609999656677246,6.699999809265137,3655.0400390625
2022-09-27,9.869999885559082,6.829999923706055,3647.2900390625
2022-09-28,10.949999809265137,7.340000152587891,3719.0400390625
2022-09-29,10.770000457763672,7.090000152587891,3640.469970703125
2022-09-30,10.710000038146973,7.010000228881836,3585.6201171875
2022-10-03,11.079999923706055,7.190000057220459,3678.429931640625
2022-10-04,12.880000114440918,7.590000152587891,3790.929931640625
2022-10-05,12.84000015258789,7.25,3783.280029296875
2022-10-06,13.100000381469727,7.159999847412109,3744.52001953125
2022-10-07,11.210000038146973,6.565000057220459,3639.659912109375
2022-10-10,10.760000228881836,6.389999866485596,3612.389892578125
2022-10-11,10.460000038146973,6.190000057220459,3588.840087890625
2022-10-12,10.420000076293945,6.139999866485596,3577.030029296875
2022-10-13,11.220000267028809,6.389999866485596,3669.909912109375
2022-10-14,10.300000190734863,5.760000228881836,3583.070068359375
2022-10-17,11.6899995803833,6.039999961853027,3677.949951171875
2022-10-18,11.380000114440918,5.869999885559082,3719.97998046875
2022-10-19,11.069999694824219,5.670000076293945,3695.159912109375
2022-10-20,10.920000076293945,5.579999923706055,3665.780029296875
2022-10-21,11.699999809265137,5.829999923706055,3752.75
2022-10-24,12.899999618530273,6.050000190734863,3797.340087890625
2022-10-25,14.760000228881836,7.010000228881836,3859.110107421875
2022-10-26,13.789999961853027,7.059999942779541,3830.60009765625
2022-10-27,13.649999618530273,6.840000152587891,3807.300048828125
2022-10-28,13.850000381469727,7.050000190734863,3901.06005859375
2022-10-31,13.109999656677246,6.889999866485596,3871.97998046875
2022-11-01,12.220000267028809,6.449999809265137,3856.10009765625
2022-11-02,10.920000076293945,5.869999885559082,3759.68994140625
2022-11-03,10.510000228881836,5.510000228881836,3719.889892578125
2022-11-04,10.84000015258789,5.789999961853027,3770.550048828125
2022-11-07,10.5,5.75,3806.800048828125
2022-11-08,9.960000038146973,5.329999923706055,3828.110107421875
2022-11-09,9.609999656677246,4.900000095367432,3748.570068359375
2022-11-10,9.979999542236328,5.420000076293945,3956.3701171875
2022-11-11,9.770000457763672,5.340000152587891,3992.929931640625
2022-11-14,9.520000457763672,5.139999866485596,3957.25
2022-11-15,9.5,5.21999979019165,3991.72998046875
2022-11-16,8.3100004196167,4.659999847412109,3958.7900390625
2022-11-17,8.029999732971191,4.630000114440918,3946.56005859375
2022-11-18,7.46999979019165,4.460000038146973,3965.340087890625
2022-11-21,6.190000057220459,3.9800000190734863,3949.93994140625
2022-11-22,6.420000076293945,3.990000009536743,4003.580078125
2022-11-23,6.480000019073486,4.420000076293945,4027.260009765625
2022-11-25,6.21999979019165,4.429999828338623,4026.1201171875
2022-11-28,5.980000019073486,4.25,3963.93994140625
2022-11-29,5.889999866485596,4.239999771118164,3957.6298828125
2022-11-30,6.320000171661377,4.650000095367432,4080.110107421875
2022-12-01,6.210000038146973,4.579999923706055,4076.570068359375
2022-12-02,6.909999847412109,4.960000038146973,4071.699951171875
2022-12-05,6.139999866485596,4.659999847412109,3998.840087890625
2022-12-06,5.789999961853027,4.380000114440918,3941.260009765625
2022-12-07,5.369999885559082,4.21999979019165,3933.919921875
2022-12-08,5.389999866485596,4.369999885559082,3963.510009765625
2022-12-09,5.0,4.190000057220459,3934.3798828125
2022-12-12,5.070000171661377,4.170000076293945,3990.56005859375
2022-12-13,4.659999847412109,4.070000171661377,4019.64990234375
2022-12-14,4.71999979019165,4.150000095367432,3995.320068359375
2022-12-15,4.340000152587891,4.019999980926514,3895.75
2022-12-16,3.880000114440918,3.799999952316284,3852.360107421875
2022-12-19,3.869999885559082,3.819999933242798,3817.659912109375
2022-12-20,3.9100000858306885,3.8299999237060547,3821.6201171875
2022-12-21,3.6500000953674316,3.8299999237060547,3878.43994140625
2022-12-22,3.6700000762939453,3.7799999713897705,3822.389892578125
2022-12-23,3.619999885559082,3.680000066757202,3844.820068359375
2022-12-27,3.240000009536743,3.4200000762939453,3829.25
2022-12-28,3.1500000953674316,3.2899999618530273,3783.219970703125
2022-12-29,3.4100000858306885,3.4200000762939453,3849.280029296875
2022-12-30,3.4200000762939453,3.390000104904175,3839.5
2023-01-03,3.4000000953674316,3.369999885559082,3824.139892578125
2023-01-04,4.21999979019165,3.880000114440918,3852.969970703125
2023-01-05,3.9100000858306885,4.21999979019165,3808.10009765625
2023-01-06,4.090000152587891,4.28000020980835,3895.080078125
2023-01-09,4.900000095367432,4.889999866485596,3892.090087890625
2023-01-10,5.75,5.639999866485596,3919.25
2023-01-11,5.369999885559082,5.369999885559082,3969.610107421875
2023-01-12,7.03000020980835,6.150000095367432,3983.169921875
2023-01-13,7.679999828338623,6.019999980926514,3999.090087890625
2023-01-17,8.369999885559082,6.409999847412109,3990.969970703125
2023-01-18,6.909999847412109,5.710000038146973,3928.860107421875
2023-01-19,7.340000152587891,5.78000020980835,3898.85009765625
2023-01-20,8.069999694824219,6.199999809265137,3972.610107421875
2023-01-23,9.0,6.480000019073486,4019.81005859375
2023-01-24,8.800000190734863,6.139999866485596,4016.949951171875
2023-01-25,8.75,6.230000019073486,4016.219970703125
2023-01-26,8.75,6.130000114440918,4060.429931640625
2023-01-27,8.020000457763672,6.329999923706055,4070.56005859375
2023-01-30,7.170000076293945,5.940000057220459,4017.77001953125
2023-01-31,7.210000038146973,6.269999980926514,4076.60009765625
2023-02-01,7.519999980926514,6.860000133514404,4119.2099609375
2023-02-02,8.0,7.489999771118164,4179.759765625
2023-02-03,7.070000171661377,6.840000152587891,4136.47998046875
2023-02-06,7.079999923706055,6.679999828338623,4111.080078125
2023-02-07,7.099999904632568,6.599999904632568,4164.0
2023-02-08,6.809999942779541,6.519999980926514,4117.85986328125
2023-02-09,5.949999809265137,5.650000095367432,4081.5
2023-02-10,5.920000076293945,5.510000228881836,4090.4599609375
2023-02-13,5.849999904632568,5.46999979019165,4137.2900390625
2023-02-14,6.71999979019165,5.900000095367432,4136.1298828125
2023-02-15,7.949999809265137,6.659999847412109,4147.60009765625
2023-02-16,7.210000038146973,6.360000133514404,4090.409912109375
2023-02-17,7.699999809265137,6.590000152587891,4079.090087890625
2023-02-21,7.130000114440918,6.21999979019165,3997.340087890625
2023-02-22,7.190000057220459,6.349999904632568,3991.050048828125
2023-02-23,7.28000020980835,6.369999885559082,4012.320068359375
2023-02-24,6.670000076293945,5.869999885559082,3970.0400390625
2023-02-27,7.110000133514404,6.010000228881836,3982.239990234375
2023-02-28,7.099999904632568,6.25,3970.14990234375
2023-03-01,6.510000228881836,6.139999866485596,3951.389892578125
2023-03-02,6.260000228881836,6.179999828338623,3981.35009765625
2023-03-03,6.380000114440918,6.340000152587891,4045.639892578125
2023-03-06,6.320000171661377,6.369999885559082,4048.419921875
2023-03-07,6.090000152587891,6.170000076293945,3986.3701171875
2023-03-08,6.179999828338623,6.300000190734863,3992.010009765625
2023-03-09,5.510000228881836,5.53000020980835,3918.320068359375
2023-03-10,5.329999923706055,5.300000190734863,3861.590087890625
2023-03-13,6.699999809265137,6.25,3855.760009765625
2023-03-14,7.130000114440918,6.889999866485596,3919.2900390625
2023-03-15,7.090000152587891,6.690000057220459,3891.929931640625
2023-03-16,7.630000114440918,7.050000190734863,3960.280029296875
2023-03-17,8.170000076293945,8.100000381469727,3916.639892578125
2023-03-20,7.849999904632568,8.550000190734863,3951.570068359375
2023-03-21,8.869999885559082,9.069999694824219,4002.8701171875
2023-03-22,7.78000020980835,8.100000381469727,3936.969970703125
2023-03-23,8.460000038146973,9.470000267028809,3948.719970703125
2023-03-24,7.809999942779541,8.630000114440918,3970.989990234375
2023-03-27,7.110000133514404,8.039999961853027,3977.530029296875
2023-03-28,7.199999809265137,8.109999656677246,3971.27001953125
2023-03-29,7.949999809265137,9.229999542236328,4027.81005859375
2023-03-30,7.829999923706055,9.140000343322754,4050.830078125
2023-03-31,8.720000267028809,9.989999771118164,4109.31005859375
2023-04-03,8.430000305175781,9.670000076293945,4124.509765625
2023-04-04,8.510000228881836,9.5600004196167,4100.60009765625
2023-04-05,7.929999828338623,9.149999618530273,4090.3798828125
2023-04-06,7.980000019073486,9.15999984741211,4105.02001953125
2023-04-10,9.100000381469727,10.579999923706055,4109.10986328125
2023-04-11,10.229999542236328,12.380000114440918,4108.93994140625
2023-04-12,9.949999809265137,12.350000381469727,4091.949951171875
2023-04-13,11.520000457763672,13.5,4146.22021484375
2023-04-14,11.970000267028809,13.479999542236328,4137.64013671875
2023-04-17,11.449999809265137,12.930000305175781,4151.31982421875
2023-04-18,11.680000305175781,13.449999809265137,4154.8701171875
2023-04-19,10.65999984741211,12.109999656677246,4154.52001953125
2023-04-20,9.520000457763672,10.899999618530273,4129.7900390625
2023-04-21,8.930000305175781,10.520000457763672,4133.52001953125
2023-04-24,8.890000343322754,10.390000343322754,4137.0400390625
2023-04-25,8.989999771118164,10.710000038146973,4071.6298828125
2023-04-26,9.460000038146973,10.90999984741211,4055.989990234375
2023-04-27,10.0600004196167,11.84000015258789,4135.35009765625
2023-04-28,10.069999694824219,11.960000038146973,4169.47998046875
2023-05-01,8.779999732971191,10.520000457763672,4167.8701171875
2023-05-02,9.550000190734863,11.779999732971191,4119.580078125
2023-05-03,9.550000190734863,10.739999771118164,4090.75
2023-05-04,10.270000457763672,10.84000015258789,4061.219970703125
2023-05-05,10.489999771118164,11.539999961853027,4136.25
2023-05-08,9.329999923706055,10.489999771118164,4138.1201171875
2023-05-09,9.380000114440918,11.4399995803833,4119.169921875
2023-05-10,10.220000267028809,12.279999732971191,4137.64013671875
2023-05-11,8.729999542236328,10.710000038146973,4130.6201171875
2023-05-12,8.920000076293945,10.609999656677246,4124.080078125
2023-05-15,9.539999961853027,11.079999923706055,4136.27978515625
2023-05-16,9.25,10.850000381469727,4109.89990234375
2023-05-17,10.09000015258789,11.529999732971191,4158.77001953125
2023-05-18,9.380000114440918,11.069999694824219,4198.0498046875
2023-05-19,9.180000305175781,11.079999923706055,4191.97998046875
2023-05-22,9.670000076293945,12.199999809265137,4192.6298828125
2023-05-23,9.319999694824219,11.279999732971191,4145.580078125
2023-05-24,9.430000305175781,11.270000457763672,4115.240234375
2023-05-25,9.109999656677246,11.069999694824219,4151.27978515625
2023-05-26,8.930000305175781,10.920000076293945,4205.4501953125
2023-05-30,9.420000076293945,12.029999732971191,4205.52001953125
2023-05-31,9.789999961853027,12.0,4179.830078125
2023-06-01,9.989999771118164,12.40999984741211,4221.02001953125
2023-06-02,10.029999732971191,11.710000038146973,4282.3701171875
2023-06-05,9.1899995803833,10.680000305175781,4273.7900390625
2023-06-06,10.079999923706055,10.899999618530273,4283.85009765625
2023-06-07,9.550000190734863,10.430000305175781,4267.52001953125
2023-06-08,9.569999694824219,10.550000190734863,4293.93017578125
2023-06-09,9.380000114440918,10.329999923706055,4298.85986328125
2023-06-12,9.329999923706055,10.239999771118164,4338.93017578125
2023-06-13,9.680000305175781,10.260000228881836,4369.009765625
2023-06-14,9.6899995803833,10.149999618530273,4372.58984375
2023-06-15,9.359999656677246,9.970000267028809,4425.83984375
2023-06-16,9.979999542236328,10.399999618530273,4409.58984375
2023-06-20,11.720000267028809,11.25,4388.7099609375
2023-06-21,12.210000038146973,11.680000305175781,4365.68994140625
2023-06-22,11.829999923706055,11.239999771118164,4381.89013671875
2023-06-23,12.710000038146973,11.600000381469727,4348.330078125
2023-06-26,11.789999961853027,10.770000457763672,4328.81982421875
2023-06-27,13.380000114440918,11.649999618530273,4378.41015625
2023-06-28,13.15999984741211,11.539999961853027,4376.85986328125
2023-06-29,13.819999694824219,11.65999984741211,4396.43994140625
2023-06-30,13.859999656677246,11.819999694824219,4450.3798828125
2023-07-03,15.319999694824219,13.350000381469727,4455.58984375
2023-07-05,15.5600004196167,13.59000015258789,4446.81982421875
2023-07-06,15.319999694824219,13.539999961853027,4411.58984375
2023-07-07,15.670000076293945,15.479999542236328,4398.9501953125
2023-07-10,16.920000076293945,16.860000610351562,4409.52978515625
2023-07-11,17.389999389648438,17.510000228881836,4439.259765625
2023-07-12,16.860000610351562,17.649999618530273,4472.16015625
2023-07-13,19.299999237060547,20.290000915527344,4510.0400390625
2023-07-14,18.06999969482422,19.1200008392334,4505.419921875
2023-07-17,17.260000228881836,18.479999542236328,4522.7900390625
2023-07-18,16.809999465942383,18.280000686645508,4554.97998046875
2023-07-19,17.59000015258789,18.93000030517578,4565.72021484375
2023-07-20,17.059999465942383,18.469999313354492,4534.8701171875
2023-07-21,16.8799991607666,18.3799991607666,4536.33984375
2023-07-24,16.420000076293945,17.43000030517578,4554.64013671875
2023-07-25,16.18000030517578,17.950000762939453,4567.4599609375
2023-07-26,16.81999969482422,18.450000762939453,4566.75
2023-07-27,15.970000267028809,17.600000381469727,4537.41015625
2023-07-28,16.700000762939453,18.3799991607666,4582.22998046875
2023-07-31,17.3700008392334,18.520000457763672,4588.9599609375
2023-08-01,16.829999923706055,18.229999542236328,4576.72998046875
2023-08-02,16.479999542236328,17.969999313354492,4513.39013671875
2023-08-03,16.559999465942383,17.809999465942383,4501.89013671875
2023-08-04,15.829999923706055,17.110000610351562,4478.02978515625
2023-08-07,15.069999694824219,16.31999969482422,4518.43994140625
2023-08-08,15.720000267028809,17.094999313354492,4499.3798828125
2023-08-09,15.510000228881836,16.34000015258789,4467.7099609375
2023-08-10,14.550000190734863,15.0,4468.830078125
2023-08-11,14.880000114440918,15.229999542236328,4464.0498046875
2023-08-14,14.989999771118164,14.65999984741211,4489.72021484375
2023-08-15,13.930000305175781,13.699999809265137,4437.85986328125
2023-08-16,13.5,13.100000381469727,4404.330078125
2023-08-17,12.25,11.710000038146973,4370.35986328125
2023-08-18,11.279999732971191,11.069999694824219,4369.7099609375
2023-08-21,11.050000190734863,10.729999542236328,4399.77001953125
2023-08-22,10.949999809265137,10.550000190734863,4387.5498046875
2023-08-23,11.75,11.119999885559082,4436.009765625
2023-08-24,10.550000190734863,10.359999656677246,4376.31005859375
2023-08-25,10.550000190734863,10.369999885559082,4405.7099609375
2023-08-28,10.619999885559082,10.489999771118164,4433.31005859375
2023-08-29,13.680000305175781,12.300000190734863,4497.6298828125
2023-08-30,13.470000267028809,12.050000190734863,4514.8701171875
2023-08-31,12.569999694824219,11.350000381469727,4507.66015625
2023-09-01,12.0,11.039999961853027,4515.77001953125
2023-09-05,12.0,10.979999542236328,4496.830078125
2023-09-06,12.0600004196167,11.239999771118164,4465.47998046875
2023-09-07,12.359999656677246,11.380000114440918,4451.14013671875
2023-09-08,10.90999984741211,10.949999809265137,4457.490234375
2023-09-11,10.069999694824219,10.140000343322754,4487.4599609375
2023-09-12,10.15999984741211,10.539999961853027,4461.89990234375
2023-09-13,9.890000343322754,10.279999732971191,4467.43994140625
2023-09-14,10.0,10.970000267028809,4505.10009765625
2023-09-15,9.800000190734863,10.770000457763672,4450.31982421875
2023-09-18,9.789999961853027,10.930000305175781,4453.52978515625
2023-09-19,9.5600004196167,10.4399995803833,4443.9501953125
2023-09-20,9.289999961853027,10.020000457763672,4402.2001953125
2023-09-21,9.15999984741211,9.579999923706055,4330.0
2023-09-22,8.670000076293945,9.239999771118164,4320.06005859375
2023-09-25,8.5600004196167,9.260000228881836,4337.43994140625
2023-09-26,8.25,9.0600004196167,4273.52978515625
2023-09-27,8.010000228881836,9.020000457763672,4274.509765625
2023-09-28,8.569999694824219,9.430000305175781,4299.7001953125
2023-09-29,8.5,9.329999923706055,4288.0498046875
2023-10-02,8.529999732971191,9.880000114440918,4288.39013671875
2023-10-03,7.300000190734863,8.779999732971191,4229.4501953125
2023-10-04,7.539999961853027,9.0649995803833,4263.75
2023-10-05,7.420000076293945,9.010000228881836,4258.18994140625
2023-10-06,8.079999923706055,9.920000076293945,4308.5
2023-10-09,8.359999656677246,10.170000076293945,4335.66015625
2023-10-10,8.460000038146973,10.15999984741211,4358.240234375
2023-10-11,7.900000095367432,9.404999732971191,4376.9501953125
2023-10-12,7.78000020980835,9.199999809265137,4349.60986328125
2023-10-13,7.710000038146973,9.149999618530273,4327.77978515625
2023-10-16,8.100000381469727,9.420000076293945,4373.6298828125
2023-10-17,8.449999809265137,9.670000076293945,4373.2001953125
2023-10-18,7.739999771118164,8.84000015258789,4314.60009765625
2023-10-19,7.710000038146973,8.819999694824219,4278.0
2023-10-20,7.760000228881836,8.869999885559082,4224.16015625
2023-10-23,8.75,9.670000076293945,4217.0400390625
2023-10-24,9.760000228881836,10.670000076293945,4247.68017578125
2023-10-25,9.470000267028809,10.5600004196167,4186.77001953125
2023-10-26,8.989999771118164,9.789999961853027,4137.22998046875
2023-10-27,8.859999656677246,9.539999961853027,4117.3701171875
2023-10-30,8.850000381469727,9.609999656677246,4166.81982421875
2023-10-31,8.8100004196167,9.779999732971191,4193.7998046875
2023-11-01,8.920000076293945,10.210000038146973,4237.85986328125
2023-11-02,9.859999656677246,11.300000190734863,4317.77978515625
2023-11-03,9.40999984741211,11.390000343322754,4358.33984375
2023-11-06,9.239999771118164,11.010000228881836,4365.97998046875
2023-11-07,9.180000305175781,11.069999694824219,4378.3798828125
2023-11-08,8.550000190734863,10.279999732971191,4382.77978515625
2023-11-09,9.229999542236328,10.210000038146973,4347.35009765625
2023-11-10,9.609999656677246,10.359999656677246,4415.240234375
2023-11-13,9.180000305175781,9.789999961853027,4411.5498046875
2023-11-14,9.170000076293945,9.729999542236328,4495.7001953125
2023-11-15,10.239999771118164,10.680000305175781,4502.8798828125
2023-11-16,9.760000228881836,10.15999984741211,4508.240234375
2023-11-17,10.0,10.479999542236328,4514.02001953125
2023-11-20,10.640000343322754,11.319999694824219,4547.3798828125
2023-11-21,10.3100004196167,11.170000076293945,4538.18994140625
2023-11-22,10.920000076293945,11.600000381469727,4556.6201171875
2023-11-24,11.40999984741211,12.020000457763672,4559.33984375
2023-11-27,11.279999732971191,11.819999694824219,4550.43017578125
2023-11-28,12.380000114440918,12.859999656677246,4554.89013671875
2023-11-29,12.399999618530273,13.0,4550.580078125
2023-11-30,11.970000267028809,12.550000190734863,4567.7998046875
2023-12-01,13.699999809265137,13.770000457763672,4594.6298828125
2023-12-04,14.859999656677246,15.0,4569.77978515625
2023-12-05,15.279999732971191,15.140000343322754,4567.18017578125
2023-12-06,15.539999961853027,14.760000228881836,4549.33984375
2023-12-07,15.510000228881836,14.880000114440918,4585.58984375
2023-12-08,16.780000686645508,15.829999923706055,4604.3701171875
2023-12-11,14.649999618530273,14.020000457763672,4622.43994140625
2023-12-12,14.890000343322754,14.0649995803833,4643.7001953125
2023-12-13,16.760000228881836,15.239999771118164,4707.08984375
2023-12-14,17.81999969482422,15.75,4719.5498046875
2023-12-15,18.290000915527344,15.630000114440918,4719.18994140625
2023-12-18,19.8799991607666,16.399999618530273,4740.56005859375
2023-12-19,21.969999313354492,16.68000030517578,4768.3701171875
2023-12-20,22.100000381469727,16.450000762939453,4698.35009765625
2023-12-21,24.780000686645508,16.75,4746.75
2023-12-22,26.709999084472656,17.780000686645508,4754.6298828125
2023-12-26,26.959999084472656,17.350000381469727,4774.75
2023-12-27,31.06999969482422,18.6200008392334,4781.580078125
2023-12-28,28.110000610351562,17.600000381469727,4783.35009765625
2023-12-29,23.489999771118164,15.470000267028809,4769.830078125
2024-01-02,22.93000030517578,15.40999984741211,4742.830078125
2024-01-03,23.440000534057617,15.039999961853027,4704.81005859375
2024-01-04,26.270000457763672,15.859999656677246,4688.68017578125
2024-01-05,24.1200008392334,14.829999923706055,4697.240234375
2024-01-08,25.979999542236328,16.010000228881836,4763.5400390625
2024-01-09,25.729999542236328,15.739999771118164,4756.5
2024-01-10,25.6299991607666,15.550000190734863,4783.4501953125
2024-01-11,22.399999618530273,13.09000015258789,4780.240234375
2024-01-12,18.979999542236328,11.729999542236328,4783.830078125
2024-01-16,17.780000686645508,11.289999961853027,4765.97998046875
2024-01-17,17.260000228881836,10.869999885559082,4739.2099609375
2024-01-18,16.06999969482422,10.329999923706055,4780.93994140625
2024-01-19,16.1299991607666,10.289999961853027,4839.81005859375
2024-01-22,16.610000610351562,10.600000381469727,4850.43017578125
2024-01-23,16.110000610351562,10.380000114440918,4864.60009765625
2024-01-24,15.649999618530273,10.069999694824219,4868.5498046875
2024-01-25,16.270000457763672,10.630000114440918,4894.16015625
2024-01-26,17.850000381469727,11.350000381469727,4890.97021484375
2024-01-29,18.520000457763672,11.550000190734863,4927.93017578125
2024-01-30,18.110000610351562,11.34000015258789,4924.97021484375
2024-01-31,17.729999542236328,10.899999618530273,4845.64990234375
2024-02-01,18.600000381469727,11.300000190734863,4906.18994140625
2024-02-02,18.200000762939453,11.210000038146973,4958.60986328125
2024-02-05,16.639999389648438,10.34000015258789,4942.81005859375
2024-02-06,17.059999465942383,10.8100004196167,4954.22998046875
2024-02-07,17.540000915527344,11.319999694824219,4995.06005859375
2024-02-08,21.579999923706055,13.050000190734863,4997.91015625
2024-02-09,23.889999389648438,14.550000190734863,5026.60986328125
2024-02-12,27.280000686645508,15.920000076293945,5021.83984375
2024-02-13,25.719999313354492,15.4399995803833,4953.169921875
2024-02-14,29.40999984741211,17.6200008392334,5000.6201171875
2024-02-15,27.020000457763672,16.530000686645508,5029.72998046875
2024-02-16,26.940000534057617,16.450000762939453,5005.56982421875
2024-02-20,24.510000228881836,16.040000915527344,4975.509765625
2024-02-21,22.899999618530273,15.100000381469727,4981.7998046875
2024-02-22,24.559999465942383,15.729999542236328,5087.02978515625
2024-02-23,23.989999771118164,14.850000381469727,5088.7998046875
2024-02-26,29.190000534057617,17.3700008392334,5069.52978515625
2024-02-27,30.309999465942383,16.799999237060547,5078.18017578125
2024-02-28,31.030000686645508,15.649999618530273,5069.759765625
2024-02-29,25.899999618530273,14.119999885559082,5096.27001953125
2024-03-01,27.0,14.4399995803833,5137.080078125
2024-03-04,25.709999084472656,13.479999542236328,5130.9501953125
2024-03-05,22.260000228881836,12.25,5078.64990234375
2024-03-06,22.6200008392334,12.119999885559082,5104.759765625
2024-03-07,21.799999237060547,11.970000267028809,5157.35986328125
2024-03-08,23.479999542236328,12.350000381469727,5123.68994140625
2024-03-11,20.639999389648438,11.779999732971191,5117.93994140625
2024-03-12,20.190000534057617,11.619999885559082,5175.27001953125
2024-03-13,19.700000762939453,11.729999542236328,5165.31005859375
2024-03-14,18.229999542236328,10.930000305175781,5150.47998046875
2024-03-15,19.31999969482422,11.600000381469727,5117.08984375
2024-03-18,19.40999984741211,11.430000305175781,5149.419921875
2024-03-19,19.31999969482422,11.09000015258789,5178.509765625
2024-03-20,22.43000030517578,12.399999618530273,5224.6201171875
2024-03-21,21.780000686645508,11.979999542236328,5241.52978515625
2024-03-22,20.8700008392334,11.399999618530273,5234.18017578125
2024-03-25,20.950000762939453,12.4399995803833,5218.18994140625
2024-03-26,20.3799991607666,12.050000190734863,5203.580078125
2024-03-27,22.06999969482422,12.239999771118164,5248.490234375
2024-03-28,22.579999923706055,12.239999771118164,5254.35009765625
2024-04-01,21.6299991607666,11.470000267028809,5243.77001953125
2024-04-02,19.729999542236328,10.609999656677246,5205.81005859375
2024-04-03,19.43000030517578,10.289999961853027,5211.490234375
2024-04-04,18.469999313354492,10.1899995803833,5147.2099609375
2024-04-05,18.43000030517578,10.199999809265137,5204.33984375
2024-04-08,17.950000762939453,10.050000190734863,5202.39013671875
2024-04-09,17.979999542236328,10.0,5209.91015625
2024-04-10,17.3799991607666,9.869999885559082,5160.64013671875
2024-04-11,17.600000381469727,9.75,5199.06005859375
2024-04-12,16.110000610351562,9.100000381469727,5123.41015625
2024-04-15,15.149999618530273,8.569999694824219,5061.81982421875
2024-04-16,14.600000381469727,8.0600004196167,5051.41015625
2024-04-17,14.630000114440918,7.96999979019165,5022.2099609375
2024-04-18,15.029999732971191,8.289999961853027,5011.1201171875
2024-04-19,16.5,9.130000114440918,4967.22998046875
2024-04-22,17.549999237060547,11.239999771118164,5010.60009765625
2024-04-23,19.440000534057617,11.850000381469727,5070.5498046875
2024-04-24,19.09000015258789,11.880000114440918,5071.6298828125
2024-04-25,19.010000228881836,12.109999656677246,5048.419921875
2024-04-26,19.43000030517578,11.930000305175781,5099.9599609375
2024-04-29,18.030000686645508,11.079999923706055,5116.169921875
2024-04-30,16.059999465942383,10.109999656677246,5035.68994140625
2024-05-01,16.06999969482422,9.819999694824219,5018.39013671875
2024-05-02,17.06999969482422,10.300000190734863,5064.2001953125
2024-05-03,17.520000457763672,10.420000076293945,5127.7900390625
2024-05-06,20.670000076293945,10.770000457763672,5180.740234375
2024-05-07,20.209999084472656,10.170000076293945,5187.7001953125
2024-05-08,20.09000015258789,10.350000381469727,5187.669921875
2024-05-09,19.649999618530273,10.279999732971191,5214.080078125
2024-05-10,17.15999984741211,9.199999809265137,5222.68017578125
2024-05-13,17.260000228881836,9.5,5221.419921875
2024-05-14,18.06999969482422,9.779999732971191,5246.68017578125
2024-05-15,20.200000762939453,10.380000114440918,5308.14990234375
2024-05-16,19.649999618530273,10.0,5297.10009765625
2024-05-17,19.450000762939453,10.0600004196167,5303.27001953125
2024-05-20,22.31999969482422,10.960000038146973,5308.1298828125
2024-05-21,21.350000381469727,10.609999656677246,5321.41015625
2024-05-22,21.239999771118164,10.789999961853027,5307.009765625
2024-05-23,20.079999923706055,9.970000267028809,5267.83984375
2024-05-24,21.209999084472656,10.369999885559082,5304.72021484375
2024-05-28,20.729999542236328,10.34000015258789,5306.0400390625
2024-05-29,20.239999771118164,10.0,5266.9501953125
2024-05-30,20.040000915527344,10.050000190734863,5235.47998046875
2024-05-31,19.520000457763672,9.739999771118164,5277.509765625
2024-06-03,19.579999923706055,9.649999618530273,5283.39990234375
2024-06-04,20.520000457763672,9.670000076293945,5291.33984375
2024-06-05,21.06999969482422,9.649999618530273,5354.02978515625
2024-06-06,20.799999237060547,10.15999984741211,5352.9599609375
2024-06-07,19.270000457763672,9.720000267028809,5346.990234375
2024-06-10,19.459999084472656,9.895000457763672,5360.7900390625
2024-06-11,19.829999923706055,9.989999771118164,5375.31982421875
2024-06-12,20.309999465942383,10.640000343322754,5421.02978515625
2024-06-13,20.0,10.979999542236328,5433.740234375
2024-06-14,19.469999313354492,10.529999732971191,5431.60009765625
2024-06-17,20.020000457763672,10.90999984741211,5473.22998046875
2024-06-18,20.280000686645508,10.65999984741211,5487.02978515625
2024-06-20,20.65999984741211,10.420000076293945,5473.169921875
2024-06-21,19.209999084472656,9.550000190734863,5464.6201171875
2024-06-24,18.690000534057617,9.210000038146973,5447.8701171875
2024-06-25,19.25,9.199999809265137,5469.2998046875
2024-06-26,19.3700008392334,9.029999732971191,5477.89990234375
2024-06-27,19.65999984741211,9.119999885559082,5482.8701171875
2024-06-28,19.850000381469727,9.140000343322754,5460.47998046875
2024-07-01,22.559999465942383,9.949999809265137,5475.08984375
2024-07-02,22.1200008392334,9.720000267028809,5509.009765625
2024-07-03,20.979999542236328,9.569999694824219,5537.02001953125
2024-07-05,20.170000076293945,9.640000343322754,5567.18994140625
2024-07-08,19.5,9.399999618530273,5572.85009765625
2024-07-09,19.030000686645508,9.140000343322754,5576.97998046875
2024-07-10,18.889999389648438,9.15999984741211,5633.91015625
2024-07-11,19.020000457763672,9.3100004196167,5584.5400390625
2024-07-12,20.770000457763672,9.805000305175781,5615.35009765625
2024-07-15,24.579999923706055,11.479999542236328,5631.22021484375
2024-07-16,26.719999313354492,12.699999809265137,5667.2001953125
2024-07-17,25.549999237060547,12.420000076293945,5588.27001953125
2024-07-18,23.649999618530273,10.949999809265137,5544.58984375
2024-07-19,24.729999542236328,12.029999732971191,5505.0
2024-07-22,23.950000762939453,12.239999771118164,5564.41015625
2024-07-23,21.649999618530273,11.59000015258789,5555.740234375
2024-07-24,20.670000076293945,11.319999694824219,5427.1298828125
2024-07-25,20.280000686645508,10.729999542236328,5399.22021484375
2024-07-26,21.56999969482422,11.199999809265137,5459.10009765625
2024-07-29,20.450000762939453,10.630000114440918,5463.5400390625
2024-07-30,19.729999542236328,10.369999885559082,5436.43994140625
2024-07-31,19.670000076293945,10.1899995803833,5522.2998046875
2024-08-01,18.139999389648438,9.319999694824219,5446.68017578125
2024-08-02,17.190000534057617,8.569999694824219,5346.56005859375
2024-08-05,16.950000762939453,8.3100004196167,5186.330078125
2024-08-06,17.25,8.40999984741211,5240.02978515625
2024-08-07,15.84000015258789,7.639999866485596,5199.5
2024-08-08,17.389999389648438,8.289999961853027,5319.31005859375
2024-08-09,17.030000686645508,8.0600004196167,5344.16015625
2024-08-12,15.109999656677246,7.610000133514404,5344.39013671875
2024-08-13,15.489999771118164,7.840000152587891,5434.43017578125
2024-08-14,15.140000343322754,7.650000095367432,5455.2099609375
2024-08-15,15.460000038146973,7.679999828338623,5543.22021484375
2024-08-16,16.239999771118164,7.989999771118164,5554.25
2024-08-19,16.440000534057617,8.050000190734863,5608.25
2024-08-20,16.420000076293945,8.039999961853027,5597.1201171875
2024-08-21,17.6299991607666,8.350000381469727,5620.85009765625
2024-08-22,16.860000610351562,8.050000190734863,5570.64013671875
2024-08-23,18.690000534057617,8.5,5634.60986328125
2024-08-26,18.559999465942383,8.359999656677246,5616.83984375
2024-08-27,17.75,7.900000095367432,5625.7998046875
2024-08-28,17.1299991607666,7.639999866485596,5592.18017578125
2024-08-29,16.989999771118164,7.679999828338623,5591.9599609375
2024-08-30,16.700000762939453,7.53000020980835,5648.39990234375
2024-09-03,15.260000228881836,6.78000020980835,5528.93017578125
2024-09-04,14.880000114440918,6.849999904632568,5520.06982421875
2024-09-05,13.84000015258789,6.690000057220459,5503.41015625
2024-09-06,13.369999885559082,6.380000114440918,5408.419921875
2024-09-09,14.619999885559082,6.809999942779541,5471.0498046875
2024-09-10,15.9399995803833,7.239999771118164,5495.52001953125
2024-09-11,15.789999961853027,7.090000152587891,5554.1298828125
2024-09-12,15.800000190734863,7.03000020980835,5595.759765625
2024-09-13,16.1200008392334,7.199999809265137,5626.02001953125
2024-09-16,15.869999885559082,6.960000038146973,5633.08984375
2024-09-17,15.869999885559082,7.099999904632568,5634.580078125
2024-09-18,15.34000015258789,7.170000076293945,5618.259765625
2024-09-19,15.449999809265137,7.21999979019165,5713.64013671875
2024-09-20,15.539999961853027,7.190000057220459,5702.5498046875
2024-09-23,16.06999969482422,7.329999923706055,5718.56982421875
2024-09-24,16.40999984741211,7.53000020980835,5732.93017578125
2024-09-25,16.139999389648438,7.440000057220459,5722.259765625
2024-09-26,17.520000457763672,7.769999980926514,5745.3701171875
2024-09-27,17.290000915527344,7.840000152587891,5738.169921875
2024-09-30,16.219999313354492,7.420000076293945,5762.47998046875
2024-10-01,15.069999694824219,7.079999923706055,5708.75
2024-10-02,15.210000038146973,7.25,5709.5400390625
2024-10-03,15.470000267028809,7.429999828338623,5699.93994140625
2024-10-04,16.309999465942383,7.849999904632568,5751.06982421875
2024-10-07,15.989999771118164,8.15999984741211,5695.93994140625
2024-10-08,15.829999923706055,8.15999984741211,5751.1298828125
2024-10-09,15.4399995803833,7.820000171661377,5792.0400390625
2024-10-10,15.229999542236328,7.739999771118164,5780.0498046875
2024-10-11,16.079999923706055,8.40999984741211,5815.02978515625
2024-10-14,16.979999542236328,8.739999771118164,5859.85009765625
2024-10-15,16.920000076293945,8.770000457763672,5815.259765625
2024-10-16,18.079999923706055,9.079999923706055,5842.47021484375
2024-10-17,18.010000228881836,9.199999809265137,5841.47021484375
2024-10-18,18.8799991607666,9.859999656677246,5864.669921875
2024-10-21,18.709999084472656,9.739999771118164,5853.97998046875
2024-10-22,18.969999313354492,9.920000076293945,5851.2001953125
2024-10-23,18.06999969482422,9.770000457763672,5797.419921875
2024-10-24,18.219999313354492,10.1899995803833,5809.85986328125
2024-10-25,17.059999465942383,9.640000343322754,5808.1201171875
2024-10-28,18.940000534057617,10.5600004196167,5823.52001953125
2024-10-29,18.940000534057617,10.869999885559082,5832.919921875
2024-10-30,18.280000686645508,10.479999542236328,5813.669921875
2024-10-31,16.770000457763672,9.239999771118164,5705.4501953125
2024-11-01,16.110000610351562,9.4399995803833,5728.7998046875
2024-11-04,15.5,8.979999542236328,5712.68994140625
2024-11-05,16.239999771118164,9.710000038146973,5782.759765625
2024-11-06,19.31999969482422,12.25,5929.0400390625
2024-11-07,19.309999465942383,12.390000343322754,5973.10009765625
2024-11-08,19.25,12.8100004196167,5995.5400390625
2024-11-11,25.010000228881836,14.970000267028809,6001.35009765625
2024-11-12,25.229999542236328,14.449999809265137,5983.990234375
2024-11-13,21.700000762939453,12.670000076293945,5985.3798828125
2024-11-14,20.790000915527344,11.864999771118164,5949.169921875
2024-11-15,21.06999969482422,12.369999885559082,5870.6201171875
2024-11-18,18.110000610351562,12.15999984741211,5893.6201171875
2024-11-19,19.860000610351562,12.270000457763672,5916.97998046875
2024-11-20,22.6299991607666,12.149999618530273,5917.10986328125
2024-11-21,24.18000030517578,11.760000228881836,5948.7099609375
2024-11-22,26.030000686645508,12.3100004196167,5969.33984375
2024-11-25,26.420000076293945,12.0600004196167,5987.3701171875
2024-11-26,24.969999313354492,11.170000076293945,6021.6298828125
2024-11-27,26.920000076293945,12.369999885559082,5998.740234375
2024-11-29,27.420000076293945,12.649999618530273,6032.3798828125
2024-12-02,25.6299991607666,12.100000381469727,6047.14990234375
2024-12-03,25.1299991607666,12.140000343322754,6049.8798828125
2024-12-04,25.959999084472656,12.949999809265137,6086.490234375
2024-12-05,24.790000915527344,12.319999694824219,6075.10986328125
2024-12-06,26.43000030517578,12.949999809265137,6090.27001953125
2024-12-09,23.860000610351562,11.210000038146973,6052.85009765625
2024-12-10,22.809999465942383,11.100000381469727,6034.91015625
2024-12-11,23.270000457763672,11.770000457763672,6084.18994140625
2024-12-12,22.579999923706055,12.329999923706055,6051.25
2024-12-13,22.729999542236328,12.989999771118164,6051.08984375
2024-12-16,24.559999465942383,14.029999732971191,6074.080078125
2024-12-17,24.600000381469727,13.970000267028809,6050.60986328125
2024-12-18,21.610000610351562,11.949999809265137,5872.16015625
2024-12-19,20.3700008392334,11.1899995803833,5867.080078125
2024-12-20,19.959999084472656,11.550000190734863,5930.85009765625
2024-12-23,19.25,10.800000190734863,5974.06982421875
2024-12-24,20.149999618530273,11.670000076293945,6040.0400390625
2024-12-26,19.299999237060547,11.550000190734863,6037.58984375
2024-12-27,18.440000534057617,10.989999771118164,5970.83984375
2024-12-30,17.290000915527344,10.5,5906.93994140625
2024-12-31,16.770000457763672,10.210000038146973,5881.6298828125
2025-01-02,17.209999084472656,10.460000038146973,5868.5498046875
2025-01-03,19.639999389648438,12.34000015258789,5942.47021484375
2025-01-06,20.549999237060547,12.890000343322754,5975.3798828125
2025-01-07,19.06999969482422,12.40999984741211,5909.02978515625
2025-01-08,18.34000015258789,12.020000457763672,5918.25
2025-01-10,17.860000610351562,12.0,5827.0400390625
2025-01-13,17.190000534057617,11.770000457763672,5836.22021484375
2025-01-14,17.360000610351562,12.239999771118164,5842.91015625
2025-01-15,18.149999618530273,13.460000038146973,5949.91015625
2025-01-16,18.299999237060547,13.289999961853027,5937.33984375
2025-01-17,19.90999984741211,13.390000343322754,5996.66015625
2025-01-21,19.559999465942383,12.739999771118164,6049.240234375
2025-01-22,19.690000534057617,13.140000343322754,6086.3701171875
2025-01-23,19.950000762939453,12.989999771118164,6118.7099609375
2025-01-24,19.989999771118164,13.539999961853027,6101.240234375
2025-01-27,18.290000915527344,11.449999809265137,6012.27978515625
2025-01-28,18.260000228881836,10.949999809265137,6067.7001953125
2025-01-29,18.420000076293945,11.220000267028809,6039.31005859375
2025-01-30,19.18000030517578,11.899999618530273,6071.169921875
2025-01-31,18.34000015258789,11.880000114440918,6040.52978515625
2025-02-03,17.950000762939453,11.989999771118164,5994.56982421875
2025-02-04,17.649999618530273,12.289999961853027,6037.8798828125
2025-02-05,17.030000686645508,11.739999771118164,6061.47998046875
2025-02-06,16.799999237060547,11.609999656677246,6083.56982421875
2025-02-07,16.770000457763672,11.640000343322754,6025.990234375
2025-02-10,16.760000228881836,11.630000114440918,6066.43994140625
2025-02-11,16.020000457763672,11.140000343322754,6068.5
2025-02-12,16.239999771118164,11.15999984741211,6051.97021484375
2025-02-13,16.90999984741211,12.229999542236328,6115.06982421875
2025-02-14,16.899999618530273,12.270000457763672,6114.6298828125
2025-02-18,16.049999237060547,11.5600004196167,6129.580078125
2025-02-19,15.779999732971191,11.5600004196167,6144.14990234375
2025-02-20,15.949999809265137,11.600000381469727,6117.52001953125
2025-02-21,14.65999984741211,10.460000038146973,6013.1298828125
2025-02-24,13.890000343322754,9.989999771118164,5983.25
2025-02-25,12.420000076293945,9.319999694824219,5955.25
2025-02-26,12.449999809265137,8.9399995803833,5956.06005859375
2025-02-27,13.130000114440918,8.65999984741211,5861.56982421875
2025-02-28,13.920000076293945,9.279999732971191,5954.5
2025-03-03,13.789999961853027,8.859999656677246,5849.72021484375
2025-03-04,13.970000267028809,8.40999984741211,5778.14990234375
2025-03-05,15.119999885559082,8.880000114440918,5842.6298828125
2025-03-06,15.09000015258789,8.114999771118164,5738.52001953125
2025-03-07,16.020000457763672,8.369999885559082,5770.2001953125
2025-03-10,13.40999984741211,7.559999942779541,5614.56005859375
2025-03-11,13.319999694824219,7.71999979019165,5572.06982421875
2025-03-12,13.109999656677246,7.849999904632568,5599.2998046875
2025-03-13,12.15999984741211,7.309999942779541,5521.52001953125
2025-03-14,13.180000305175781,7.820000171661377,5638.93994140625
2025-03-17,12.970000267028809,7.760000228881836,5675.1201171875
2025-03-18,12.069999694824219,7.400000095367432,5614.66015625
2025-03-19,12.529999732971191,7.78000020980835,5675.2900390625
2025-03-20,12.5,7.760000228881836,5662.89013671875
2025-03-21,12.380000114440918,7.949999809265137,5667.56005859375
2025-03-24,14.609999656677246,8.720000267028809,5767.56982421875
2025-03-25,14.25,8.510000228881836,5776.64990234375
2025-03-26,13.789999961853027,7.900000095367432,5712.2001953125
2025-03-27,13.640000343322754,7.769999980926514,5693.31005859375
2025-03-28,12.470000267028809,7.409999847412109,5580.93994140625
2025-03-31,11.5,7.119999885559082,5611.85009765625
2025-04-01,11.84000015258789,7.539999961853027,5633.06982421875
2025-04-02,12.420000076293945,8.020000457763672,5670.97021484375
2025-04-03,11.229999542236328,7.300000190734863,5396.52001953125
2025-04-04,11.300000190734863,7.139999866485596,5074.080078125
2025-04-07,11.260000228881836,7.110000133514404,5062.25
2025-04-08,10.520000457763672,6.539999961853027,4982.77001953125
2025-04-09,12.3100004196167,7.375,5456.89990234375
2025-04-10,11.739999771118164,6.789999961853027,5268.0498046875
2025-04-11,12.510000228881836,7.059999942779541,5363.35986328125
2025-04-14,12.949999809265137,7.010000228881836,5405.97021484375
2025-04-15,12.579999923706055,6.550000190734863,5396.6298828125
2025-04-16,12.319999694824219,6.360000133514404,5275.7001953125
2025-04-17,12.65999984741211,6.460000038146973,5282.7001953125
2025-04-21,12.289999961853027,6.289999961853027,5158.2001953125
2025-04-22,14.0600004196167,7.119999885559082,5287.759765625
2025-04-23,14.130000114440918,7.5,5375.85986328125
2025-04-24,14.010000228881836,7.789999961853027,5484.77001953125
2025-04-25,14.300000190734863,7.769999980926514,5525.2099609375
2025-04-28,14.010000228881836,7.630000114440918,5528.75
2025-04-29,14.220000267028809,7.420000076293945,5560.830078125
2025-04-30,13.369999885559082,7.239999771118164,5569.06005859375
2025-05-01,14.050000190734863,7.769999980926514,5604.14013671875
2025-05-02,14.479999542236328,8.390000343322754,5686.669921875
2025-05-05,13.09000015258789,7.900000095367432,5650.3798828125
2025-05-06,13.149999618530273,7.860000133514404,5606.91015625
2025-05-07,13.329999923706055,7.840000152587891,5631.27978515625
2025-05-08,14.289999961853027,8.4399995803833,5663.93994140625
2025-05-09,15.760000228881836,8.479999542236328,5659.91015625
2025-05-12,15.949999809265137,8.699999809265137,5844.18994140625
2025-05-13,16.3700008392334,9.0600004196167,5886.5498046875
2025-05-14,15.869999885559082,8.90999984741211,5892.580078125
2025-05-15,15.680000305175781,8.699999809265137,5916.93017578125
2025-05-16,16.209999084472656,9.149999618530273,5958.3798828125
2025-05-19,16.31999969482422,8.970000267028809,5963.60009765625
2025-05-20,16.190000534057617,8.930000305175781,5940.4599609375
2025-05-21,15.84000015258789,8.84000015258789,5844.60986328125
2025-05-22,15.649999618530273,8.9399995803833,5842.009765625
2025-05-23,14.729999542236328,8.550000190734863,5802.81982421875
2025-05-27,16.440000534057617,9.140000343322754,5921.5400390625
2025-05-28,14.859999656677246,8.380000114440918,5888.5498046875
2025-05-29,14.609999656677246,8.180000305175781,5912.169921875
2025-05-30,14.119999885559082,8.069999694824219,5911.68994140625
2025-06-02,14.359999656677246,8.479999542236328,5935.93994140625
2025-06-03,15.329999923706055,9.029999732971191,5970.3701171875
2025-06-04,15.670000076293945,9.5,5970.81005859375
2025-06-05,14.880000114440918,8.989999771118164,5939.2998046875
2025-06-06,15.779999732971191,9.850000381469727,6000.35986328125
2025-06-09,16.270000457763672,10.119999885559082,6005.8798828125
2025-06-10,16.489999771118164,10.449999809265137,6038.81005859375
2025-06-11,16.350000381469727,10.550000190734863,6022.240234375
2025-06-12,15.819999694824219,10.210000038146973,6045.259765625
2025-06-13,15.039999961853027,9.720000267028809,5976.97021484375
2025-06-16,15.319999694824219,10.170000076293945,6033.10986328125
2025-06-17,14.670000076293945,9.65999984741211,5982.72021484375
2025-06-18,14.489999771118164,9.9399995803833,5980.8701171875
2025-06-20,14.319999694824219,9.5600004196167,5967.83984375
2025-06-23,14.180000305175781,9.270000457763672,6025.169921875
2025-06-24,14.880000114440918,10.020000457763672,6092.18017578125
2025-06-25,14.979999542236328,10.0,6092.16015625
2025-06-26,15.270000457763672,10.510000228881836,6141.02001953125
2025-06-27,15.029999732971191,10.550000190734863,6173.06982421875
2025-06-30,15.680000305175781,11.300000190734863,6204.9501953125
2025-07-01,15.699999809265137,11.270000457763672,6198.009765625
2025-07-02,17.799999237060547,12.199999809265137,6227.419921875
2025-07-03,17.65999984741211,12.170000076293945,6279.35009765625
2025-07-07,16.75,11.550000190734863,6229.97998046875
2025-07-08,17.520000457763672,11.569999694824219,6225.52001953125
2025-07-09,18.459999084472656,12.239999771118164,6263.259765625
2025-07-10,19.0,12.59000015258789,6280.4599609375
2025-07-11,19.139999389648438,12.420000076293945,6259.75
2025-07-14,19.209999084472656,12.510000228881836,6268.56005859375
2025-07-15,18.760000228881836,12.100000381469727,6243.759765625
2025-07-16,19.440000534057617,12.569999694824219,6263.7001953125
2025-07-17,19.969999313354492,13.329999923706055,6297.35986328125
2025-07-18,19.510000228881836,13.859999656677246,6296.7900390625
2025-07-21,18.829999923706055,14.020000457763672,6305.60009765625
2025-07-22,19.8799991607666,14.270000457763672,6309.6201171875
2025-07-23,17.56999969482422,14.34000015258789,6358.91015625
2025-07-24,17.260000228881836,14.6899995803833,6363.35009765625
2025-07-25,17.25,14.539999961853027,6388.64013671875
2025-07-28,17.15999984741211,14.510000228881836,6389.77001953125
2025-07-29,16.610000610351562,13.600000381469727,6370.85986328125
2025-07-30,16.549999237060547,13.520000457763672,6362.89990234375
2025-07-31,16.079999923706055,13.40999984741211,6339.39013671875
2025-08-01,15.5,11.029999732971191,6238.009765625
2025-08-04,16.040000915527344,11.420000076293945,6329.93994140625
2025-08-05,15.619999885559082,11.130000114440918,6299.18994140625
2025-08-06,15.890000343322754,11.65999984741211,6345.06005859375
2025-08-07,15.949999809265137,11.579999923706055,6340.0
2025-08-08,15.380000114440918,11.079999923706055,6389.4501953125
2025-08-11,15.65999984741211,11.109999656677246,6373.4501953125
2025-08-12,15.720000267028809,11.4399995803833,6445.759765625
2025-08-13,15.859999656677246,11.59000015258789,6466.580078125
2025-08-14,15.75,12.25,6468.5400390625
2025-08-15,15.670000076293945,11.329999923706055,6449.7998046875
2025-08-18,16.09000015258789,12.319999694824219,6449.14990234375
2025-08-19,15.170000076293945,11.960000038146973,6411.3701171875
2025-08-20,15.449999809265137,12.520000457763672,6395.77978515625
2025-08-21,15.510000228881836,12.270000457763672,6370.169921875
2025-08-22,16.290000915527344,13.220000267028809,6466.91015625
