Date,MARA_Close,RIOT_Close
2020-01-02,1.0499999523162842,1.2200000286102295
2020-01-03,0.9599999785423279,1.1799999475479126
2020-01-06,0.9700000286102295,1.2999999523162842
2020-01-07,1.090000033378601,1.4900000095367432
2020-01-08,0.949999988079071,1.3700000047683716
2020-01-09,0.9300000071525574,1.3300000429153442
2020-01-10,0.9300000071525574,1.409999966621399
2020-01-13,0.9100000262260437,1.3600000143051147
2020-01-14,0.9900000095367432,1.4199999570846558
2020-01-15,0.9900000095367432,1.399999976158142
2020-01-16,1.0199999809265137,1.4299999475479126
2020-01-17,1.0299999713897705,1.4600000381469727
2020-01-21,0.9800000190734863,1.399999976158142
2020-01-22,0.9800000190734863,1.340000033378601
2020-01-23,0.9399999976158142,1.2599999904632568
2020-01-24,0.9300000071525574,1.2599999904632568
2020-01-27,0.949999988079071,1.2400000095367432
2020-01-28,1.0099999904632568,1.309999942779541
2020-01-29,0.9900000095367432,1.309999942779541
2020-01-30,1.0700000524520874,1.4299999475479126
2020-01-31,1.0399999618530273,1.350000023841858
2020-02-03,1.0199999809265137,1.3600000143051147
2020-02-04,1.0199999809265137,1.3799999952316284
2020-02-05,1.149999976158142,1.4800000190734863
2020-02-06,1.1100000143051147,1.4299999475479126
2020-02-07,1.1399999856948853,1.4299999475479126
2020-02-10,1.1100000143051147,1.4800000190734863
2020-02-11,1.1799999475479126,1.6799999475479126
2020-02-12,1.2599999904632568,1.600000023841858
2020-02-13,1.25,1.6100000143051147
2020-02-14,1.25,1.6399999856948853
2020-02-18,1.1100000143051147,1.5
2020-02-19,1.0700000524520874,1.5
2020-02-20,1.0399999618530273,1.4199999570846558
2020-02-21,1.0299999713897705,1.409999966621399
2020-02-24,0.9800000190734863,1.3300000429153442
2020-02-25,0.949999988079071,1.2599999904632568
2020-02-26,0.9599999785423279,1.2450000047683716
2020-02-27,0.9300000071525574,1.2300000190734863
2020-02-28,0.8600000143051147,1.1399999856948853
2020-03-02,0.8799999952316284,1.1799999475479126
2020-03-03,0.8999999761581421,1.1399999856948853
2020-03-04,0.9100000262260437,1.1649999618530273
2020-03-05,0.9100000262260437,1.2799999713897705
2020-03-06,0.8899999856948853,1.2699999809265137
2020-03-09,0.7200000286102295,1.0800000429153442
2020-03-10,0.7400000095367432,1.0700000524520874
2020-03-11,0.7200000286102295,1.0099999904632568
2020-03-12,0.5400000214576721,0.7279999852180481
2020-03-13,0.6000000238418579,0.7200000286102295
2020-03-16,0.49000000953674316,0.6579999923706055
2020-03-17,0.47999998927116394,0.7480000257492065
2020-03-18,0.4000000059604645,0.6499999761581421
2020-03-19,0.47999998927116394,0.703000009059906
2020-03-20,0.5199999809265137,0.7049999833106995
2020-03-23,0.44999998807907104,0.6690000295639038
2020-03-24,0.5199999809265137,0.7979999780654907
2020-03-25,0.5,0.7730000019073486
2020-03-26,0.5199999809265137,0.8159999847412109
2020-03-27,0.5,0.7889999747276306
2020-03-30,0.49000000953674316,0.7919999957084656
2020-03-31,0.44999998807907104,0.8330000042915344
2020-04-01,0.4000000059604645,0.7730000019073486
2020-04-02,0.44999998807907104,0.7799999713897705
2020-04-03,0.46000000834465027,0.8999999761581421
2020-04-06,0.5,1.0950000286102295
2020-04-07,0.5,1.0199999809265137
2020-04-08,0.47999998927116394,1.0700000524520874
2020-04-09,0.46000000834465027,1.0299999713897705
2020-04-13,0.4399999976158142,1.0099999904632568
2020-04-14,0.44999998807907104,1.0099999904632568
2020-04-15,0.44999998807907104,1.1299999952316284
2020-04-16,0.4300000071525574,1.1699999570846558
2020-04-17,0.4300000071525574,1.1399999856948853
2020-04-20,0.4300000071525574,1.100000023841858
2020-04-21,0.41999998688697815,1.0199999809265137
2020-04-22,0.41999998688697815,1.0700000524520874
2020-04-23,0.5,1.149999976158142
2020-04-24,0.4699999988079071,1.25
2020-04-27,0.46000000834465027,1.2400000095367432
2020-04-28,0.4399999976158142,1.159999966621399
2020-04-29,0.47999998927116394,1.2100000381469727
2020-04-30,0.44999998807907104,1.2100000381469727
2020-05-01,0.4399999976158142,1.0700000524520874
2020-05-04,0.4300000071525574,1.1200000047683716
2020-05-05,0.44999998807907104,1.149999976158142
2020-05-06,0.5199999809265137,1.2699999809265137
2020-05-07,0.6700000166893005,1.5399999618530273
2020-05-08,0.8999999761581421,1.850000023841858
2020-05-11,0.7599999904632568,1.590000033378601
2020-05-12,0.6200000047683716,1.600000023841858
2020-05-13,0.7400000095367432,1.8899999856948853
2020-05-14,0.8600000143051147,2.2799999713897705
2020-05-15,0.800000011920929,2.0799999237060547
2020-05-18,0.8100000023841858,2.190000057220459
2020-05-19,0.8100000023841858,2.2300000190734863
2020-05-20,0.8299999833106995,2.5299999713897705
2020-05-21,0.7099999785423279,2.3299999237060547
2020-05-22,0.7300000190734863,2.240000009536743
2020-05-26,0.7200000286102295,1.9500000476837158
2020-05-27,0.7200000286102295,2.119999885559082
2020-05-28,0.7300000190734863,2.2100000381469727
2020-05-29,0.699999988079071,2.140000104904175
2020-06-01,0.7300000190734863,2.2699999809265137
2020-06-02,0.8199999928474426,2.509999990463257
2020-06-03,0.9200000166893005,2.4100000858306885
2020-06-04,1.090000033378601,2.630000114440918
2020-06-05,1.0,2.5999999046325684
2020-06-08,0.9100000262260437,2.569999933242798
2020-06-09,0.8999999761581421,2.619999885559082
2020-06-10,1.25,3.0999999046325684
2020-06-11,0.9300000071525574,2.180000066757202
2020-06-12,0.9300000071525574,2.2899999618530273
2020-06-15,0.949999988079071,2.309999942779541
2020-06-16,0.9399999976158142,2.3499999046325684
2020-06-17,0.8799999952316284,2.2699999809265137
2020-06-18,0.8600000143051147,2.190000057220459
2020-06-19,0.8399999737739563,2.109999895095825
2020-06-22,1.090000033378601,2.509999990463257
2020-06-23,1.100000023841858,2.5999999046325684
2020-06-24,0.9800000190734863,2.369999885559082
2020-06-25,1.0099999904632568,2.3299999237060547
2020-06-26,0.9200000166893005,2.200000047683716
2020-06-29,0.8899999856948853,2.140000104904175
2020-06-30,0.9100000262260437,2.2200000286102295
2020-07-01,0.9300000071525574,2.3399999141693115
2020-07-02,0.9100000262260437,2.2899999618530273
2020-07-06,0.9399999976158142,2.380000114440918
2020-07-07,0.8999999761581421,2.2899999618530273
2020-07-08,1.0,2.5399999618530273
2020-07-09,0.9399999976158142,2.359999895095825
2020-07-10,0.9300000071525574,2.3299999237060547
2020-07-13,0.8799999952316284,2.180000066757202
2020-07-14,0.9100000262260437,2.25
2020-07-15,0.9200000166893005,2.259999990463257
2020-07-16,0.9100000262260437,2.2200000286102295
2020-07-17,0.8999999761581421,2.2300000190734863
2020-07-20,0.9300000071525574,2.259999990463257
2020-07-21,0.9399999976158142,2.299999952316284
2020-07-22,1.0499999523162842,2.3399999141693115
2020-07-23,0.9599999785423279,2.2899999618530273
2020-07-24,1.0399999618530273,2.2200000286102295
2020-07-27,1.4199999570846558,2.640000104904175
2020-07-28,1.7100000381469727,2.7699999809265137
2020-07-29,1.8200000524520874,2.75
2020-07-30,1.7799999713897705,2.549999952316284
2020-07-31,2.0299999713897705,2.640000104904175
2020-08-03,3.8299999237060547,3.5
2020-08-04,3.309999942779541,3.4000000953674316
2020-08-05,4.199999809265137,4.010000228881836
2020-08-06,5.090000152587891,4.25
2020-08-07,4.380000114440918,3.7699999809265137
2020-08-10,4.440000057220459,4.130000114440918
2020-08-11,3.859999895095825,3.619999885559082
2020-08-12,3.569999933242798,3.5399999618530273
2020-08-13,3.549999952316284,3.609999895095825
2020-08-14,3.869999885559082,3.7799999713897705
2020-08-17,3.7200000286102295,4.150000095367432
2020-08-18,3.4100000858306885,4.039999961853027
2020-08-19,3.140000104904175,3.690000057220459
2020-08-20,3.2699999809265137,3.990000009536743
2020-08-21,2.7100000381469727,3.7249999046325684
2020-08-24,2.309999942779541,3.630000114440918
2020-08-25,2.440000057220459,3.5799999237060547
2020-08-26,2.5399999618530273,3.4100000858306885
2020-08-27,2.259999990463257,3.2699999809265137
2020-08-28,2.559999942779541,3.5899999141693115
2020-08-31,2.4800000190734863,3.5
2020-09-01,2.569999933242798,3.75
2020-09-02,2.380000114440918,3.430000066757202
2020-09-03,2.0999999046325684,3.1600000858306885
2020-09-04,2.0899999141693115,3.109999895095825
2020-09-08,1.850000023841858,2.819999933242798
2020-09-09,1.9700000286102295,2.950000047683716
2020-09-10,1.8899999856948853,2.809999942779541
2020-09-11,1.7999999523162842,2.9100000858306885
2020-09-14,1.9800000190734863,3.0199999809265137
2020-09-15,1.9800000190734863,3.0
2020-09-16,2.069999933242798,3.049999952316284
2020-09-17,1.9900000095367432,3.0
2020-09-18,1.9199999570846558,3.049999952316284
2020-09-21,1.8899999856948853,2.930000066757202
2020-09-22,1.8200000524520874,2.930000066757202
2020-09-23,1.6399999856948853,2.5999999046325684
2020-09-24,1.75,2.690000057220459
2020-09-25,1.9299999475479126,2.680000066757202
2020-09-28,2.0199999809265137,2.740000009536743
2020-09-29,2.0199999809265137,2.759999990463257
2020-09-30,1.9600000381469727,2.700000047683716
2020-10-01,1.9500000476837158,2.6500000953674316
2020-10-02,1.9600000381469727,2.5999999046325684
2020-10-05,1.9600000381469727,2.6600000858306885
2020-10-06,1.8700000047683716,2.569999933242798
2020-10-07,1.940000057220459,2.6600000858306885
2020-10-08,2.140000104904175,2.930000066757202
2020-10-09,2.1600000858306885,3.0950000286102295
2020-10-12,2.4200000762939453,3.5
2020-10-13,2.359999895095825,3.369999885559082
2020-10-14,2.25,3.2799999713897705
2020-10-15,2.3299999237060547,3.4000000953674316
2020-10-16,2.180000066757202,3.109999895095825
2020-10-19,2.3399999141693115,3.299999952316284
2020-10-20,2.4600000381469727,3.5399999618530273
2020-10-21,2.8399999141693115,3.9800000190734863
2020-10-22,3.0,4.054999828338623
2020-10-23,2.740000009536743,3.9100000858306885
2020-10-26,2.5399999618530273,3.8499999046325684
2020-10-27,2.759999990463257,4.019999980926514
2020-10-28,2.3499999046325684,3.5
2020-10-29,2.2799999713897705,3.549999952316284
2020-10-30,2.1600000858306885,3.2699999809265137
2020-11-02,2.0999999046325684,3.2899999618530273
2020-11-03,2.2200000286102295,3.5
2020-11-04,2.3499999046325684,3.549999952316284
2020-11-05,2.5,3.75
2020-11-06,2.4100000858306885,3.6500000953674316
2020-11-09,2.2100000381469727,3.5
2020-11-10,2.190000057220459,3.450000047683716
2020-11-11,2.3299999237060547,3.5999999046325684
2020-11-12,2.299999952316284,3.700000047683716
2020-11-13,2.390000104904175,3.9800000190734863
2020-11-16,2.4800000190734863,4.099999904632568
2020-11-17,3.0999999046325684,6.085000038146973
2020-11-18,2.890000104904175,5.25
2020-11-19,3.0899999141693115,6.0
2020-11-20,3.390000104904175,5.994999885559082
2020-11-23,4.920000076293945,7.230000019073486
2020-11-24,4.909999847412109,6.809999942779541
2020-11-25,5.119999885559082,7.079999923706055
2020-11-27,4.28000020980835,6.25
2020-11-30,6.28000020980835,8.449999809265137
2020-12-01,6.190000057220459,8.8100004196167
2020-12-02,5.760000228881836,8.510000228881836
2020-12-03,5.909999847412109,9.65999984741211
2020-12-04,5.400000095367432,10.0
2020-12-07,5.510000228881836,10.630000114440918
2020-12-08,5.179999828338623,9.869999885559082
2020-12-09,4.78000020980835,8.850000381469727
2020-12-10,5.21999979019165,9.34000015258789
2020-12-11,4.75,8.65999984741211
2020-12-14,5.539999961853027,9.140000343322754
2020-12-15,7.070000171661377,10.180000305175781
2020-12-16,8.229999542236328,10.760000228881836
2020-12-17,9.470000267028809,10.395000457763672
2020-12-18,9.3100004196167,10.050000190734863
2020-12-21,11.5,11.039999961853027
2020-12-22,13.970000267028809,14.645000457763672
2020-12-23,10.8100004196167,13.90999984741211
2020-12-24,10.920000076293945,13.119999885559082
2020-12-28,12.25,15.649999618530273
2020-12-29,11.760000228881836,15.789999961853027
2020-12-30,10.880000114440918,17.260000228881836
2020-12-31,10.4399995803833,16.989999771118164
2021-01-04,11.010000228881836,16.479999542236328
2021-01-05,13.59000015258789,18.40999984741211
2021-01-06,16.959999084472656,19.280000686645508
2021-01-07,22.360000610351562,22.719999313354492
2021-01-08,26.389999389648438,26.59000015258789
2021-01-11,23.360000610351562,22.639999389648438
2021-01-12,26.149999618530273,24.209999084472656
2021-01-13,23.0,23.8799991607666
2021-01-14,24.440000534057617,28.899999618530273
2021-01-15,22.389999389648438,25.780000686645508
2021-01-19,22.350000381469727,25.200000762939453
2021-01-20,19.270000457763672,22.280000686645508
2021-01-21,17.559999465942383,19.350000381469727
2021-01-22,18.299999237060547,20.969999313354492
2021-01-25,18.219999313354492,19.670000076293945
2021-01-26,18.600000381469727,19.31999969482422
2021-01-27,17.649999618530273,17.93000030517578
2021-01-28,19.899999618530273,19.93000030517578
2021-01-29,20.739999771118164,20.520000457763672
2021-02-01,20.739999771118164,19.979999542236328
2021-02-02,22.739999771118164,21.489999771118164
2021-02-03,23.670000076293945,22.850000381469727
2021-02-04,22.799999237060547,23.079999923706055
2021-02-05,22.520000457763672,23.3799991607666
2021-02-08,32.06999969482422,32.790000915527344
2021-02-09,37.59000015258789,39.86000061035156
2021-02-10,34.0099983215332,36.560001373291016
2021-02-11,37.27000045776367,43.09000015258789
2021-02-12,38.459999084472656,49.279998779296875
2021-02-16,43.560001373291016,59.5
2021-02-17,47.900001525878906,77.9000015258789
2021-02-18,40.97999954223633,62.029998779296875
2021-02-19,43.27000045776367,71.33000183105469
2021-02-22,37.11000061035156,64.76000213623047
2021-02-23,28.559999465942383,48.79999923706055
2021-02-24,33.40999984741211,52.27000045776367
2021-02-25,30.6299991607666,45.66999816894531
2021-02-26,30.149999618530273,43.7400016784668
2021-03-01,38.5,53.599998474121094
2021-03-02,34.88999938964844,49.099998474121094
2021-03-03,36.619998931884766,49.56999969482422
2021-03-04,32.0099983215332,44.290000915527344
2021-03-05,30.030000686645508,40.29999923706055
2021-03-08,28.510000228881836,38.97999954223633
2021-03-09,36.77000045776367,52.15999984741211
2021-03-10,38.189998626708984,56.5
2021-03-11,41.810001373291016,63.310001373291016
2021-03-12,40.70000076293945,62.810001373291016
2021-03-15,43.099998474121094,63.43000030517578
2021-03-16,38.36000061035156,56.97999954223633
2021-03-17,43.18000030517578,64.73999786376953
2021-03-18,41.560001373291016,60.189998626708984
2021-03-19,43.04999923706055,60.650001525878906
2021-03-22,39.9900016784668,56.0099983215332
2021-03-23,38.040000915527344,50.119998931884766
2021-03-24,34.040000915527344,45.709999084472656
2021-03-25,34.20000076293945,48.16999816894531
2021-03-26,36.09000015258789,48.220001220703125
2021-03-29,38.130001068115234,47.88999938964844
2021-03-30,44.13999938964844,51.5099983215332
2021-03-31,48.02000045776367,53.27000045776367
2021-04-01,48.849998474121094,52.029998779296875
2021-04-05,56.560001373291016,56.900001525878906
2021-04-06,52.45000076293945,54.099998474121094
2021-04-07,46.2599983215332,48.369998931884766
2021-04-08,49.81999969482422,49.54999923706055
2021-04-09,49.0,49.630001068115234
2021-04-12,50.06999969482422,51.529998779296875
2021-04-13,51.0,59.2599983215332
2021-04-14,42.970001220703125,50.15999984741211
2021-04-15,42.13999938964844,48.11000061035156
2021-04-16,38.93000030517578,44.63999938964844
2021-04-19,35.54999923706055,40.900001525878906
2021-04-20,33.56999969482422,38.560001373291016
2021-04-21,34.93000030517578,41.310001373291016
2021-04-22,31.059999465942383,36.4900016784668
2021-04-23,32.29999923706055,38.47999954223633
2021-04-26,34.13999938964844,40.88999938964844
2021-04-27,34.119998931884766,40.52000045776367
2021-04-28,37.63999938964844,43.93000030517578
2021-04-29,34.2599983215332,40.33000183105469
2021-04-30,36.779998779296875,41.83000183105469
2021-05-03,36.220001220703125,39.9900016784668
2021-05-04,33.95000076293945,37.56999969482422
2021-05-05,33.54999923706055,36.619998931884766
2021-05-06,31.399999618530273,33.45000076293945
2021-05-07,31.329999923706055,33.38999938964844
2021-05-10,27.81999969482422,29.950000762939453
2021-05-11,25.950000762939453,29.8700008392334
2021-05-12,22.850000381469727,26.520000457763672
2021-05-13,19.65999984741211,22.229999542236328
2021-05-14,23.079999923706055,26.020000457763672
2021-05-17,22.360000610351562,24.309999465942383
2021-05-18,22.989999771118164,25.559999465942383
2021-05-19,21.709999084472656,24.139999389648438
2021-05-20,21.889999389648438,24.18000030517578
2021-05-21,20.889999389648438,22.84000015258789
2021-05-24,23.149999618530273,25.950000762939453
2021-05-25,22.6200008392334,25.139999389648438
2021-05-26,25.260000228881836,27.639999389648438
2021-05-27,25.84000015258789,28.5
2021-05-28,24.770000457763672,27.1299991607666
2021-06-01,25.200000762939453,29.229999542236328
2021-06-02,25.239999771118164,30.030000686645508
2021-06-03,23.790000915527344,28.280000686645508
2021-06-04,24.350000381469727,29.149999618530273
2021-06-07,24.389999389648438,28.81999969482422
2021-06-08,23.639999389648438,28.059999465942383
2021-06-09,26.139999389648438,31.40999984741211
2021-06-10,26.510000228881836,31.639999389648438
2021-06-11,26.549999237060547,31.030000686645508
2021-06-14,29.940000534057617,35.400001525878906
2021-06-15,30.670000076293945,35.060001373291016
2021-06-16,29.969999313354492,34.20000076293945
2021-06-17,30.059999465942383,34.29999923706055
2021-06-18,28.920000076293945,32.18000030517578
2021-06-21,27.829999923706055,31.56999969482422
2021-06-22,27.34000015258789,32.22999954223633
2021-06-23,27.610000610351562,32.47999954223633
2021-06-24,29.479999542236328,34.02000045776367
2021-06-25,28.190000534057617,32.970001220703125
2021-06-28,30.110000610351562,36.18000030517578
2021-06-29,31.889999389648438,37.810001373291016
2021-06-30,31.3700008392334,37.66999816894531
2021-07-01,30.690000534057617,36.209999084472656
2021-07-02,30.290000915527344,36.22999954223633
2021-07-06,29.719999313354492,35.43000030517578
2021-07-07,28.59000015258789,35.439998626708984
2021-07-08,27.790000915527344,33.720001220703125
2021-07-09,27.690000534057617,32.83000183105469
2021-07-12,27.3700008392334,31.399999618530273
2021-07-13,25.959999084472656,30.059999465942383
2021-07-14,24.639999389648438,28.59000015258789
2021-07-15,24.479999542236328,28.219999313354492
2021-07-16,23.329999923706055,27.280000686645508
2021-07-19,22.350000381469727,25.959999084472656
2021-07-20,22.6299991607666,25.850000381469727
2021-07-21,25.059999465942383,29.15999984741211
2021-07-22,25.260000228881836,28.8700008392334
2021-07-23,24.639999389648438,28.100000381469727
2021-07-26,29.579999923706055,34.0
2021-07-27,27.020000457763672,31.639999389648438
2021-07-28,28.15999984741211,32.959999084472656
2021-07-29,27.479999542236328,31.899999618530273
2021-07-30,27.6299991607666,32.95000076293945
2021-08-02,28.229999542236328,33.45000076293945
2021-08-03,27.1299991607666,31.479999542236328
2021-08-04,28.719999313354492,32.709999084472656
2021-08-05,31.469999313354492,33.59000015258789
2021-08-06,34.25,34.970001220703125
2021-08-09,35.97999954223633,37.83000183105469
2021-08-10,35.70000076293945,38.4900016784668
2021-08-11,35.18000030517578,37.7599983215332
2021-08-12,33.84000015258789,36.83000183105469
2021-08-13,32.880001068115234,35.810001373291016
2021-08-16,33.040000915527344,35.83000183105469
2021-08-17,30.649999618530273,32.7599983215332
2021-08-18,30.780000686645508,31.889999389648438
2021-08-19,31.809999465942383,32.08000183105469
2021-08-20,35.2599983215332,34.33000183105469
2021-08-23,36.7599983215332,35.72999954223633
2021-08-24,37.97999954223633,37.630001068115234
2021-08-25,38.33000183105469,37.720001220703125
2021-08-26,36.220001220703125,36.279998779296875
2021-08-27,40.20000076293945,38.56999969482422
2021-08-30,40.540000915527344,37.70000076293945
2021-08-31,40.59000015258789,37.31999969482422
2021-09-01,41.18000030517578,36.5
2021-09-02,42.20000076293945,35.959999084472656
2021-09-03,43.40999984741211,34.43000030517578
2021-09-07,39.38999938964844,32.11000061035156
2021-09-08,37.290000915527344,30.385000228881836
2021-09-09,38.88999938964844,31.350000381469727
2021-09-10,35.7400016784668,29.6200008392334
2021-09-13,35.59000015258789,29.299999237060547
2021-09-14,34.68000030517578,28.84000015258789
2021-09-15,37.04999923706055,30.329999923706055
2021-09-16,36.34000015258789,29.3700008392334
2021-09-17,35.84000015258789,29.299999237060547
2021-09-20,33.88999938964844,27.530000686645508
2021-09-21,33.2400016784668,27.360000610351562
2021-09-22,35.70000076293945,28.729999542236328
2021-09-23,37.70000076293945,29.389999389648438
2021-09-24,36.18000030517578,27.93000030517578
2021-09-27,35.16999816894531,27.770000457763672
2021-09-28,32.75,25.780000686645508
2021-09-29,30.610000610351562,24.8700008392334
2021-09-30,31.579999923706055,25.700000762939453
2021-10-01,33.16999816894531,26.100000381469727
2021-10-04,33.630001068115234,25.25
2021-10-05,37.189998626708984,26.34000015258789
2021-10-06,38.959999084472656,26.610000610351562
2021-10-07,38.41999816894531,26.1200008392334
2021-10-08,39.4900016784668,25.829999923706055
2021-10-11,42.959999084472656,27.6299991607666
2021-10-12,40.86000061035156,25.510000228881836
2021-10-13,43.790000915527344,25.639999389648438
2021-10-14,43.59000015258789,26.1200008392334
2021-10-15,48.88999938964844,27.850000381469727
2021-10-18,51.45000076293945,29.799999237060547
2021-10-19,53.90999984741211,30.829999923706055
2021-10-20,53.06999969482422,31.440000534057617
2021-10-21,50.90999984741211,29.440000534057617
2021-10-22,49.459999084472656,28.280000686645508
2021-10-25,54.689998626708984,29.59000015258789
2021-10-26,52.86000061035156,28.440000534057617
2021-10-27,50.040000915527344,26.59000015258789
2021-10-28,50.38999938964844,27.540000915527344
2021-10-29,52.2400016784668,27.219999313354492
2021-11-01,55.5099983215332,28.09000015258789
2021-11-02,63.34000015258789,31.899999618530273
2021-11-03,64.66000366210938,32.7599983215332
2021-11-04,64.29000091552734,32.720001220703125
2021-11-05,63.81999969482422,31.489999771118164
2021-11-08,75.30000305175781,36.689998626708984
2021-11-09,76.08999633789062,39.86000061035156
2021-11-10,64.83999633789062,36.4900016784668
2021-11-11,70.69000244140625,39.529998779296875
2021-11-12,75.91999816894531,44.189998626708984
2021-11-15,55.400001525878906,42.09000015258789
2021-11-16,55.369998931884766,36.900001525878906
2021-11-17,50.95000076293945,35.279998779296875
2021-11-18,51.459999084472656,33.630001068115234
2021-11-19,54.68000030517578,36.18000030517578
2021-11-22,49.56999969482422,33.45000076293945
2021-11-23,52.119998931884766,36.130001068115234
2021-11-24,52.38999938964844,37.0
2021-11-26,49.20000076293945,34.91999816894531
2021-11-29,51.38999938964844,37.369998931884766
2021-11-30,51.06999969482422,37.369998931884766
2021-12-01,50.790000915527344,35.599998474121094
2021-12-02,49.06999969482422,32.970001220703125
2021-12-03,41.63999938964844,28.639999389648438
2021-12-06,41.810001373291016,28.139999389648438
2021-12-07,45.70000076293945,29.68000030517578
2021-12-08,46.63999938964844,29.34000015258789
2021-12-09,41.369998931884766,26.5
2021-12-10,40.439998626708984,26.0
2021-12-13,36.84000015258789,24.3700008392334
2021-12-14,37.33000183105469,24.93000030517578
2021-12-15,38.72999954223633,25.8700008392334
2021-12-16,35.5099983215332,23.8799991607666
2021-12-17,33.849998474121094,23.239999771118164
2021-12-20,32.470001220703125,22.520000457763672
2021-12-21,34.43000030517578,24.049999237060547
2021-12-22,34.130001068115234,23.6200008392334
2021-12-23,38.130001068115234,25.670000076293945
2021-12-27,39.400001525878906,25.850000381469727
2021-12-28,35.13999938964844,23.649999618530273
2021-12-29,33.90999984741211,23.0
2021-12-30,34.38999938964844,23.5
2021-12-31,32.86000061035156,22.329999923706055
2022-01-03,32.88999938964844,22.739999771118164
2022-01-04,34.130001068115234,24.3799991607666
2022-01-05,29.6200008392334,21.440000534057617
2022-01-06,29.299999237060547,20.479999542236328
2022-01-07,28.489999771118164,20.360000610351562
2022-01-10,28.93000030517578,20.09000015258789
2022-01-11,29.579999923706055,20.860000610351562
2022-01-12,30.360000610351562,21.1299991607666
2022-01-13,28.100000381469727,20.149999618530273
2022-01-14,28.59000015258789,20.68000030517578
2022-01-18,26.06999969482422,18.700000762939453
2022-01-19,24.850000381469727,17.489999771118164
2022-01-20,24.829999923706055,17.469999313354492
2022-01-21,22.059999465942383,14.994999885559082
2022-01-24,22.899999618530273,15.130000114440918
2022-01-25,22.18000030517578,14.640000343322754
2022-01-26,21.459999084472656,14.329999923706055
2022-01-27,19.790000915527344,13.449999809265137
2022-01-28,21.969999313354492,14.699999809265137
2022-01-31,23.540000915527344,15.9399995803833
2022-02-01,25.030000686645508,16.690000534057617
2022-02-02,23.020000457763672,15.569999694824219
2022-02-03,21.209999084472656,14.789999961853027
2022-02-04,23.510000228881836,16.56999969482422
2022-02-07,25.579999923706055,17.700000762939453
2022-02-08,26.329999923706055,18.290000915527344
2022-02-09,28.989999771118164,19.649999618530273
2022-02-10,28.81999969482422,19.270000457763672
2022-02-11,26.93000030517578,18.3700008392334
2022-02-14,25.549999237060547,17.920000076293945
2022-02-15,28.6299991607666,19.729999542236328
2022-02-16,28.399999618530273,19.59000015258789
2022-02-17,25.719999313354492,17.760000228881836
2022-02-18,23.889999389648438,16.969999313354492
2022-02-22,22.530000686645508,15.949999809265137
2022-02-23,21.040000915527344,15.069999694824219
2022-02-24,22.959999084472656,16.25
2022-02-25,23.06999969482422,16.219999313354492
2022-02-28,25.350000381469727,17.229999542236328
2022-03-01,26.079999923706055,17.5
2022-03-02,26.8799991607666,17.729999542236328
2022-03-03,24.65999984741211,15.970000267028809
2022-03-04,22.81999969482422,14.920000076293945
2022-03-07,21.479999542236328,14.949999809265137
2022-03-08,22.350000381469727,15.100000381469727
2022-03-09,25.68000030517578,16.84000015258789
2022-03-10,24.75,16.510000228881836
2022-03-11,22.489999771118164,15.140000343322754
2022-03-14,21.40999984741211,14.15999984741211
2022-03-15,22.40999984741211,14.90999984741211
2022-03-16,24.229999542236328,16.389999389648438
2022-03-17,26.65999984741211,18.43000030517578
2022-03-18,27.920000076293945,19.530000686645508
2022-03-21,27.6299991607666,19.6200008392334
2022-03-22,29.440000534057617,20.75
2022-03-23,29.25,20.84000015258789
2022-03-24,30.329999923706055,21.540000915527344
2022-03-25,28.889999389648438,20.760000228881836
2022-03-28,31.270000457763672,22.860000610351562
2022-03-29,31.139999389648438,23.0
2022-03-30,29.559999465942383,22.040000915527344
2022-03-31,27.950000762939453,21.170000076293945
2022-04-01,28.540000915527344,20.729999542236328
2022-04-04,28.920000076293945,20.690000534057617
2022-04-05,26.260000228881836,19.229999542236328
2022-04-06,24.190000534057617,17.65999984741211
2022-04-07,23.770000457763672,17.420000076293945
2022-04-08,22.68000030517578,16.68000030517578
2022-04-11,21.920000076293945,15.90999984741211
2022-04-12,21.15999984741211,15.470000267028809
2022-04-13,22.299999237060547,16.010000228881836
2022-04-14,21.229999542236328,14.970000267028809
2022-04-18,20.899999618530273,14.789999961853027
2022-04-19,21.5,14.880000114440918
2022-04-20,20.719999313354492,13.949999809265137
2022-04-21,19.31999969482422,12.800000190734863
2022-04-22,18.149999618530273,11.850000381469727
2022-04-25,18.719999313354492,12.039999961853027
2022-04-26,17.100000381469727,11.079999923706055
2022-04-27,16.719999313354492,10.979999542236328
2022-04-28,16.860000610351562,10.9399995803833
2022-04-29,15.600000381469727,10.140000343322754
2022-05-02,16.65999984741211,10.970000267028809
2022-05-03,16.780000686645508,10.84000015258789
2022-05-04,17.760000228881836,11.569999694824219
2022-05-05,15.899999618530273,10.1899995803833
2022-05-06,14.949999809265137,9.489999771118164
2022-05-09,12.079999923706055,7.670000076293945
2022-05-10,11.800000190734863,7.53000020980835
2022-05-11,9.979999542236328,6.840000152587891
2022-05-12,10.149999618530273,7.309999942779541
2022-05-13,11.390000343322754,7.96999979019165
2022-05-16,10.319999694824219,7.190000057220459
2022-05-17,11.09000015258789,7.619999885559082
2022-05-18,10.15999984741211,6.929999828338623
2022-05-19,10.350000381469727,7.130000114440918
2022-05-20,9.770000457763672,6.840000152587891
2022-05-23,9.930000305175781,6.860000133514404
2022-05-24,9.0,6.269999980926514
2022-05-25,9.270000457763672,6.429999828338623
2022-05-26,9.850000381469727,6.730000019073486
2022-05-27,10.270000457763672,7.239999771118164
2022-05-31,10.229999542236328,7.190000057220459
2022-06-01,9.220000267028809,6.519999980926514
2022-06-02,9.34000015258789,6.869999885559082
2022-06-03,8.800000190734863,6.210000038146973
2022-06-06,8.930000305175781,6.369999885559082
2022-06-07,8.6899995803833,6.170000076293945
2022-06-08,8.529999732971191,5.96999979019165
2022-06-09,7.659999847412109,5.46999979019165
2022-06-10,7.539999961853027,5.170000076293945
2022-06-13,6.650000095367432,4.650000095367432
2022-06-14,6.940000057220459,4.889999866485596
2022-06-15,6.869999885559082,4.860000133514404
2022-06-16,6.570000171661377,4.53000020980835
2022-06-17,6.610000133514404,4.650000095367432
2022-06-21,7.21999979019165,5.090000152587891
2022-06-22,6.75,4.599999904632568
2022-06-23,7.050000190734863,4.940000057220459
2022-06-24,7.420000076293945,5.190000057220459
2022-06-27,6.849999904632568,4.889999866485596
2022-06-28,6.429999828338623,4.760000228881836
2022-06-29,5.800000190734863,4.5
2022-06-30,5.340000152587891,4.190000057220459
2022-07-01,5.539999961853027,4.239999771118164
2022-07-05,6.070000171661377,4.730000019073486
2022-07-06,5.650000095367432,4.53000020980835
2022-07-07,7.010000228881836,5.28000020980835
2022-07-08,8.510000228881836,5.460000038146973
2022-07-11,7.809999942779541,4.869999885559082
2022-07-12,7.670000076293945,4.840000152587891
2022-07-13,7.760000228881836,4.929999828338623
2022-07-14,8.0,5.320000171661377
2022-07-15,8.039999961853027,5.570000171661377
2022-07-18,9.760000228881836,6.230000019073486
2022-07-19,12.899999618530273,6.980000019073486
2022-07-20,12.470000267028809,7.019999980926514
2022-07-21,13.489999771118164,7.619999885559082
2022-07-22,12.420000076293945,7.119999885559082
2022-07-25,11.569999694824219,6.650000095367432
2022-07-26,10.109999656677246,6.210000038146973
2022-07-27,12.319999694824219,7.150000095367432
2022-07-28,13.199999809265137,7.400000095367432
2022-07-29,12.989999771118164,7.320000171661377
2022-08-01,12.270000457763672,7.329999923706055
2022-08-02,12.960000038146973,7.75
2022-08-03,13.279999732971191,8.119999885559082
2022-08-04,13.420000076293945,8.180000305175781
2022-08-05,14.170000076293945,8.270000457763672
2022-08-08,14.430000305175781,8.710000038146973
2022-08-09,14.109999656677246,8.145000457763672
2022-08-10,16.360000610351562,9.109999656677246
2022-08-11,17.190000534057617,9.520000457763672
2022-08-12,18.239999771118164,9.930000305175781
2022-08-15,17.649999618530273,9.760000228881836
2022-08-16,16.8799991607666,9.170000076293945
2022-08-17,15.449999809265137,8.350000381469727
2022-08-18,15.59000015258789,8.279999732971191
2022-08-19,13.180000305175781,7.25
2022-08-22,12.930000305175781,7.0
2022-08-23,13.710000038146973,7.099999904632568
2022-08-24,13.779999732971191,7.289999961853027
2022-08-25,12.880000114440918,7.429999828338623
2022-08-26,11.350000381469727,6.789999961853027
2022-08-29,11.8100004196167,6.96999979019165
2022-08-30,11.529999732971191,6.889999866485596
2022-08-31,11.850000381469727,7.170000076293945
2022-09-01,11.510000228881836,6.849999904632568
2022-09-02,11.380000114440918,6.630000114440918
2022-09-06,11.119999885559082,6.400000095367432
2022-09-07,11.680000305175781,6.550000190734863
2022-09-08,13.260000228881836,7.460000038146973
2022-09-09,14.15999984741211,8.260000228881836
2022-09-12,14.430000305175781,8.470000267028809
2022-09-13,12.819999694824219,7.630000114440918
2022-09-14,12.600000381469727,7.559999942779541
2022-09-15,12.069999694824219,7.380000114440918
2022-09-16,10.920000076293945,6.644999980926514
2022-09-19,10.869999885559082,6.519999980926514
2022-09-20,10.260000228881836,6.21999979019165
2022-09-21,10.850000381469727,6.369999885559082
2022-09-22,10.520000457763672,6.340000152587891
2022-09-23,9.470000267028809,6.329999923706055
2022-09-26,9.609999656677246,6.699999809265137
2022-09-27,9.869999885559082,6.829999923706055
2022-09-28,10.949999809265137,7.340000152587891
2022-09-29,10.770000457763672,7.090000152587891
2022-09-30,10.710000038146973,7.010000228881836
2022-10-03,11.079999923706055,7.190000057220459
2022-10-04,12.880000114440918,7.590000152587891
2022-10-05,12.84000015258789,7.25
2022-10-06,13.100000381469727,7.159999847412109
2022-10-07,11.210000038146973,6.565000057220459
2022-10-10,10.760000228881836,6.389999866485596
2022-10-11,10.460000038146973,6.190000057220459
2022-10-12,10.420000076293945,6.139999866485596
2022-10-13,11.220000267028809,6.389999866485596
2022-10-14,10.300000190734863,5.760000228881836
2022-10-17,11.6899995803833,6.039999961853027
2022-10-18,11.380000114440918,5.869999885559082
2022-10-19,11.069999694824219,5.670000076293945
2022-10-20,10.920000076293945,5.579999923706055
2022-10-21,11.699999809265137,5.829999923706055
2022-10-24,12.899999618530273,6.050000190734863
2022-10-25,14.760000228881836,7.010000228881836
2022-10-26,13.789999961853027,7.059999942779541
2022-10-27,13.649999618530273,6.840000152587891
2022-10-28,13.850000381469727,7.050000190734863
2022-10-31,13.109999656677246,6.889999866485596
2022-11-01,12.220000267028809,6.449999809265137
2022-11-02,10.920000076293945,5.869999885559082
2022-11-03,10.510000228881836,5.510000228881836
2022-11-04,10.84000015258789,5.789999961853027
2022-11-07,10.5,5.75
2022-11-08,9.960000038146973,5.329999923706055
2022-11-09,9.609999656677246,4.900000095367432
2022-11-10,9.979999542236328,5.420000076293945
2022-11-11,9.770000457763672,5.340000152587891
2022-11-14,9.520000457763672,5.139999866485596
2022-11-15,9.5,5.21999979019165
2022-11-16,8.3100004196167,4.659999847412109
2022-11-17,8.029999732971191,4.630000114440918
2022-11-18,7.46999979019165,4.460000038146973
2022-11-21,6.190000057220459,3.9800000190734863
2022-11-22,6.420000076293945,3.990000009536743
2022-11-23,6.480000019073486,4.420000076293945
2022-11-25,6.21999979019165,4.429999828338623
2022-11-28,5.980000019073486,4.25
2022-11-29,5.889999866485596,4.239999771118164
2022-11-30,6.320000171661377,4.650000095367432
2022-12-01,6.210000038146973,4.579999923706055
2022-12-02,6.909999847412109,4.960000038146973
2022-12-05,6.139999866485596,4.659999847412109
2022-12-06,5.789999961853027,4.380000114440918
2022-12-07,5.369999885559082,4.21999979019165
2022-12-08,5.389999866485596,4.369999885559082
2022-12-09,5.0,4.190000057220459
2022-12-12,5.070000171661377,4.170000076293945
2022-12-13,4.659999847412109,4.070000171661377
2022-12-14,4.71999979019165,4.150000095367432
2022-12-15,4.340000152587891,4.019999980926514
2022-12-16,3.880000114440918,3.799999952316284
2022-12-19,3.869999885559082,3.819999933242798
2022-12-20,3.9100000858306885,3.8299999237060547
2022-12-21,3.6500000953674316,3.8299999237060547
2022-12-22,3.6700000762939453,3.7799999713897705
2022-12-23,3.619999885559082,3.680000066757202
2022-12-27,3.240000009536743,3.4200000762939453
2022-12-28,3.1500000953674316,3.2899999618530273
2022-12-29,3.4100000858306885,3.4200000762939453
2022-12-30,3.4200000762939453,3.390000104904175
2023-01-03,3.4000000953674316,3.369999885559082
2023-01-04,4.21999979019165,3.880000114440918
2023-01-05,3.9100000858306885,4.21999979019165
2023-01-06,4.090000152587891,4.28000020980835
2023-01-09,4.900000095367432,4.889999866485596
2023-01-10,5.75,5.639999866485596
2023-01-11,5.369999885559082,5.369999885559082
2023-01-12,7.03000020980835,6.150000095367432
2023-01-13,7.679999828338623,6.019999980926514
2023-01-17,8.369999885559082,6.409999847412109
2023-01-18,6.909999847412109,5.710000038146973
2023-01-19,7.340000152587891,5.78000020980835
2023-01-20,8.069999694824219,6.199999809265137
2023-01-23,9.0,6.480000019073486
2023-01-24,8.800000190734863,6.139999866485596
2023-01-25,8.75,6.230000019073486
2023-01-26,8.75,6.130000114440918
2023-01-27,8.020000457763672,6.329999923706055
2023-01-30,7.170000076293945,5.940000057220459
2023-01-31,7.210000038146973,6.269999980926514
2023-02-01,7.519999980926514,6.860000133514404
2023-02-02,8.0,7.489999771118164
2023-02-03,7.070000171661377,6.840000152587891
2023-02-06,7.079999923706055,6.679999828338623
2023-02-07,7.099999904632568,6.599999904632568
2023-02-08,6.809999942779541,6.519999980926514
2023-02-09,5.949999809265137,5.650000095367432
2023-02-10,5.920000076293945,5.510000228881836
2023-02-13,5.849999904632568,5.46999979019165
2023-02-14,6.71999979019165,5.900000095367432
2023-02-15,7.949999809265137,6.659999847412109
2023-02-16,7.210000038146973,6.360000133514404
2023-02-17,7.699999809265137,6.590000152587891
2023-02-21,7.130000114440918,6.21999979019165
2023-02-22,7.190000057220459,6.349999904632568
2023-02-23,7.28000020980835,6.369999885559082
2023-02-24,6.670000076293945,5.869999885559082
2023-02-27,7.110000133514404,6.010000228881836
2023-02-28,7.099999904632568,6.25
2023-03-01,6.510000228881836,6.139999866485596
2023-03-02,6.260000228881836,6.179999828338623
2023-03-03,6.380000114440918,6.340000152587891
2023-03-06,6.320000171661377,6.369999885559082
2023-03-07,6.090000152587891,6.170000076293945
2023-03-08,6.179999828338623,6.300000190734863
2023-03-09,5.510000228881836,5.53000020980835
2023-03-10,5.329999923706055,5.300000190734863
2023-03-13,6.699999809265137,6.25
2023-03-14,7.130000114440918,6.889999866485596
2023-03-15,7.090000152587891,6.690000057220459
2023-03-16,7.630000114440918,7.050000190734863
2023-03-17,8.170000076293945,8.100000381469727
2023-03-20,7.849999904632568,8.550000190734863
2023-03-21,8.869999885559082,9.069999694824219
2023-03-22,7.78000020980835,8.100000381469727
2023-03-23,8.460000038146973,9.470000267028809
2023-03-24,7.809999942779541,8.630000114440918
2023-03-27,7.110000133514404,8.039999961853027
2023-03-28,7.199999809265137,8.109999656677246
2023-03-29,7.949999809265137,9.229999542236328
2023-03-30,7.829999923706055,9.140000343322754
2023-03-31,8.720000267028809,9.989999771118164
2023-04-03,8.430000305175781,9.670000076293945
2023-04-04,8.510000228881836,9.5600004196167
2023-04-05,7.929999828338623,9.149999618530273
2023-04-06,7.980000019073486,9.15999984741211
2023-04-10,9.100000381469727,10.579999923706055
2023-04-11,10.229999542236328,12.380000114440918
2023-04-12,9.949999809265137,12.350000381469727
2023-04-13,11.520000457763672,13.5
2023-04-14,11.970000267028809,13.479999542236328
2023-04-17,11.449999809265137,12.930000305175781
2023-04-18,11.680000305175781,13.449999809265137
2023-04-19,10.65999984741211,12.109999656677246
2023-04-20,9.520000457763672,10.899999618530273
2023-04-21,8.930000305175781,10.520000457763672
2023-04-24,8.890000343322754,10.390000343322754
2023-04-25,8.989999771118164,10.710000038146973
2023-04-26,9.460000038146973,10.90999984741211
2023-04-27,10.0600004196167,11.84000015258789
2023-04-28,10.069999694824219,11.960000038146973
2023-05-01,8.779999732971191,10.520000457763672
2023-05-02,9.550000190734863,11.779999732971191
2023-05-03,9.550000190734863,10.739999771118164
2023-05-04,10.270000457763672,10.84000015258789
2023-05-05,10.489999771118164,11.539999961853027
2023-05-08,9.329999923706055,10.489999771118164
2023-05-09,9.380000114440918,11.4399995803833
2023-05-10,10.220000267028809,12.279999732971191
2023-05-11,8.729999542236328,10.710000038146973
2023-05-12,8.920000076293945,10.609999656677246
2023-05-15,9.539999961853027,11.079999923706055
2023-05-16,9.25,10.850000381469727
2023-05-17,10.09000015258789,11.529999732971191
2023-05-18,9.380000114440918,11.069999694824219
2023-05-19,9.180000305175781,11.079999923706055
2023-05-22,9.670000076293945,12.199999809265137
2023-05-23,9.319999694824219,11.279999732971191
2023-05-24,9.430000305175781,11.270000457763672
2023-05-25,9.109999656677246,11.069999694824219
2023-05-26,8.930000305175781,10.920000076293945
2023-05-30,9.420000076293945,12.029999732971191
2023-05-31,9.789999961853027,12.0
2023-06-01,9.989999771118164,12.40999984741211
2023-06-02,10.029999732971191,11.710000038146973
2023-06-05,9.1899995803833,10.680000305175781
2023-06-06,10.079999923706055,10.899999618530273
2023-06-07,9.550000190734863,10.430000305175781
2023-06-08,9.569999694824219,10.550000190734863
2023-06-09,9.380000114440918,10.329999923706055
2023-06-12,9.329999923706055,10.239999771118164
2023-06-13,9.680000305175781,10.260000228881836
2023-06-14,9.6899995803833,10.149999618530273
2023-06-15,9.359999656677246,9.970000267028809
2023-06-16,9.979999542236328,10.399999618530273
2023-06-20,11.720000267028809,11.25
2023-06-21,12.210000038146973,11.680000305175781
2023-06-22,11.829999923706055,11.239999771118164
2023-06-23,12.710000038146973,11.600000381469727
2023-06-26,11.789999961853027,10.770000457763672
2023-06-27,13.380000114440918,11.649999618530273
2023-06-28,13.15999984741211,11.539999961853027
2023-06-29,13.819999694824219,11.65999984741211
2023-06-30,13.859999656677246,11.819999694824219
2023-07-03,15.319999694824219,13.350000381469727
2023-07-05,15.5600004196167,13.59000015258789
2023-07-06,15.319999694824219,13.539999961853027
2023-07-07,15.670000076293945,15.479999542236328
2023-07-10,16.920000076293945,16.860000610351562
2023-07-11,17.389999389648438,17.510000228881836
2023-07-12,16.860000610351562,17.649999618530273
2023-07-13,19.299999237060547,20.290000915527344
2023-07-14,18.06999969482422,19.1200008392334
2023-07-17,17.260000228881836,18.479999542236328
2023-07-18,16.809999465942383,18.280000686645508
2023-07-19,17.59000015258789,18.93000030517578
2023-07-20,17.059999465942383,18.469999313354492
2023-07-21,16.8799991607666,18.3799991607666
2023-07-24,16.420000076293945,17.43000030517578
2023-07-25,16.18000030517578,17.950000762939453
2023-07-26,16.81999969482422,18.450000762939453
2023-07-27,15.970000267028809,17.600000381469727
2023-07-28,16.700000762939453,18.3799991607666
2023-07-31,17.3700008392334,18.520000457763672
2023-08-01,16.829999923706055,18.229999542236328
2023-08-02,16.479999542236328,17.969999313354492
2023-08-03,16.559999465942383,17.809999465942383
2023-08-04,15.829999923706055,17.110000610351562
2023-08-07,15.069999694824219,16.31999969482422
2023-08-08,15.720000267028809,17.094999313354492
2023-08-09,15.510000228881836,16.34000015258789
2023-08-10,14.550000190734863,15.0
2023-08-11,14.880000114440918,15.229999542236328
2023-08-14,14.989999771118164,14.65999984741211
2023-08-15,13.930000305175781,13.699999809265137
2023-08-16,13.5,13.100000381469727
2023-08-17,12.25,11.710000038146973
2023-08-18,11.279999732971191,11.069999694824219
2023-08-21,11.050000190734863,10.729999542236328
2023-08-22,10.949999809265137,10.550000190734863
2023-08-23,11.75,11.119999885559082
2023-08-24,10.550000190734863,10.359999656677246
2023-08-25,10.550000190734863,10.369999885559082
2023-08-28,10.619999885559082,10.489999771118164
2023-08-29,13.680000305175781,12.300000190734863
2023-08-30,13.470000267028809,12.050000190734863
2023-08-31,12.569999694824219,11.350000381469727
2023-09-01,12.0,11.039999961853027
2023-09-05,12.0,10.979999542236328
2023-09-06,12.0600004196167,11.239999771118164
2023-09-07,12.359999656677246,11.380000114440918
2023-09-08,10.90999984741211,10.949999809265137
2023-09-11,10.069999694824219,10.140000343322754
2023-09-12,10.15999984741211,10.539999961853027
2023-09-13,9.890000343322754,10.279999732971191
2023-09-14,10.0,10.970000267028809
2023-09-15,9.800000190734863,10.770000457763672
2023-09-18,9.789999961853027,10.930000305175781
2023-09-19,9.5600004196167,10.4399995803833
2023-09-20,9.289999961853027,10.020000457763672
2023-09-21,9.15999984741211,9.579999923706055
2023-09-22,8.670000076293945,9.239999771118164
2023-09-25,8.5600004196167,9.260000228881836
2023-09-26,8.25,9.0600004196167
2023-09-27,8.010000228881836,9.020000457763672
2023-09-28,8.569999694824219,9.430000305175781
2023-09-29,8.5,9.329999923706055
2023-10-02,8.529999732971191,9.880000114440918
2023-10-03,7.300000190734863,8.779999732971191
2023-10-04,7.539999961853027,9.0649995803833
2023-10-05,7.420000076293945,9.010000228881836
2023-10-06,8.079999923706055,9.920000076293945
2023-10-09,8.359999656677246,10.170000076293945
2023-10-10,8.460000038146973,10.15999984741211
2023-10-11,7.900000095367432,9.404999732971191
2023-10-12,7.78000020980835,9.199999809265137
2023-10-13,7.710000038146973,9.149999618530273
2023-10-16,8.100000381469727,9.420000076293945
2023-10-17,8.449999809265137,9.670000076293945
2023-10-18,7.739999771118164,8.84000015258789
2023-10-19,7.710000038146973,8.819999694824219
2023-10-20,7.760000228881836,8.869999885559082
2023-10-23,8.75,9.670000076293945
2023-10-24,9.760000228881836,10.670000076293945
2023-10-25,9.470000267028809,10.5600004196167
2023-10-26,8.989999771118164,9.789999961853027
2023-10-27,8.859999656677246,9.539999961853027
2023-10-30,8.850000381469727,9.609999656677246
2023-10-31,8.8100004196167,9.779999732971191
2023-11-01,8.920000076293945,10.210000038146973
2023-11-02,9.859999656677246,11.300000190734863
2023-11-03,9.40999984741211,11.390000343322754
2023-11-06,9.239999771118164,11.010000228881836
2023-11-07,9.180000305175781,11.069999694824219
2023-11-08,8.550000190734863,10.279999732971191
2023-11-09,9.229999542236328,10.210000038146973
2023-11-10,9.609999656677246,10.359999656677246
2023-11-13,9.180000305175781,9.789999961853027
2023-11-14,9.170000076293945,9.729999542236328
2023-11-15,10.239999771118164,10.680000305175781
2023-11-16,9.760000228881836,10.15999984741211
2023-11-17,10.0,10.479999542236328
2023-11-20,10.640000343322754,11.319999694824219
2023-11-21,10.3100004196167,11.170000076293945
2023-11-22,10.920000076293945,11.600000381469727
2023-11-24,11.40999984741211,12.020000457763672
2023-11-27,11.279999732971191,11.819999694824219
2023-11-28,12.380000114440918,12.859999656677246
2023-11-29,12.399999618530273,13.0
2023-11-30,11.970000267028809,12.550000190734863
2023-12-01,13.699999809265137,13.770000457763672
2023-12-04,14.859999656677246,15.0
2023-12-05,15.279999732971191,15.140000343322754
2023-12-06,15.539999961853027,14.760000228881836
2023-12-07,15.510000228881836,14.880000114440918
2023-12-08,16.780000686645508,15.829999923706055
2023-12-11,14.649999618530273,14.020000457763672
2023-12-12,14.890000343322754,14.0649995803833
2023-12-13,16.760000228881836,15.239999771118164
2023-12-14,17.81999969482422,15.75
2023-12-15,18.290000915527344,15.630000114440918
2023-12-18,19.8799991607666,16.399999618530273
2023-12-19,21.969999313354492,16.68000030517578
2023-12-20,22.100000381469727,16.450000762939453
2023-12-21,24.780000686645508,16.75
2023-12-22,26.709999084472656,17.780000686645508
2023-12-26,26.959999084472656,17.350000381469727
2023-12-27,31.06999969482422,18.6200008392334
2023-12-28,28.110000610351562,17.600000381469727
2023-12-29,23.489999771118164,15.470000267028809
2024-01-02,22.93000030517578,15.40999984741211
2024-01-03,23.440000534057617,15.039999961853027
2024-01-04,26.270000457763672,15.859999656677246
2024-01-05,24.1200008392334,14.829999923706055
2024-01-08,25.979999542236328,16.010000228881836
2024-01-09,25.729999542236328,15.739999771118164
2024-01-10,25.6299991607666,15.550000190734863
2024-01-11,22.399999618530273,13.09000015258789
2024-01-12,18.979999542236328,11.729999542236328
2024-01-16,17.780000686645508,11.289999961853027
2024-01-17,17.260000228881836,10.869999885559082
2024-01-18,16.06999969482422,10.329999923706055
2024-01-19,16.1299991607666,10.289999961853027
2024-01-22,16.610000610351562,10.600000381469727
2024-01-23,16.110000610351562,10.380000114440918
2024-01-24,15.649999618530273,10.069999694824219
2024-01-25,16.270000457763672,10.630000114440918
2024-01-26,17.850000381469727,11.350000381469727
2024-01-29,18.520000457763672,11.550000190734863
2024-01-30,18.110000610351562,11.34000015258789
2024-01-31,17.729999542236328,10.899999618530273
2024-02-01,18.600000381469727,11.300000190734863
2024-02-02,18.200000762939453,11.210000038146973
2024-02-05,16.639999389648438,10.34000015258789
2024-02-06,17.059999465942383,10.8100004196167
2024-02-07,17.540000915527344,11.319999694824219
2024-02-08,21.579999923706055,13.050000190734863
2024-02-09,23.889999389648438,14.550000190734863
2024-02-12,27.280000686645508,15.920000076293945
2024-02-13,25.719999313354492,15.4399995803833
2024-02-14,29.40999984741211,17.6200008392334
2024-02-15,27.020000457763672,16.530000686645508
2024-02-16,26.940000534057617,16.450000762939453
2024-02-20,24.510000228881836,16.040000915527344
2024-02-21,22.899999618530273,15.100000381469727
2024-02-22,24.559999465942383,15.729999542236328
2024-02-23,23.989999771118164,14.850000381469727
2024-02-26,29.190000534057617,17.3700008392334
2024-02-27,30.309999465942383,16.799999237060547
2024-02-28,31.030000686645508,15.649999618530273
2024-02-29,25.899999618530273,14.119999885559082
2024-03-01,27.0,14.4399995803833
2024-03-04,25.709999084472656,13.479999542236328
2024-03-05,22.260000228881836,12.25
2024-03-06,22.6200008392334,12.119999885559082
2024-03-07,21.799999237060547,11.970000267028809
2024-03-08,23.479999542236328,12.350000381469727
2024-03-11,20.639999389648438,11.779999732971191
2024-03-12,20.190000534057617,11.619999885559082
2024-03-13,19.700000762939453,11.729999542236328
2024-03-14,18.229999542236328,10.930000305175781
2024-03-15,19.31999969482422,11.600000381469727
2024-03-18,19.40999984741211,11.430000305175781
2024-03-19,19.31999969482422,11.09000015258789
2024-03-20,22.43000030517578,12.399999618530273
2024-03-21,21.780000686645508,11.979999542236328
2024-03-22,20.8700008392334,11.399999618530273
2024-03-25,20.950000762939453,12.4399995803833
2024-03-26,20.3799991607666,12.050000190734863
2024-03-27,22.06999969482422,12.239999771118164
2024-03-28,22.579999923706055,12.239999771118164
2024-04-01,21.6299991607666,11.470000267028809
2024-04-02,19.729999542236328,10.609999656677246
2024-04-03,19.43000030517578,10.289999961853027
2024-04-04,18.469999313354492,10.1899995803833
2024-04-05,18.43000030517578,10.199999809265137
2024-04-08,17.950000762939453,10.050000190734863
2024-04-09,17.979999542236328,10.0
2024-04-10,17.3799991607666,9.869999885559082
2024-04-11,17.600000381469727,9.75
2024-04-12,16.110000610351562,9.100000381469727
2024-04-15,15.149999618530273,8.569999694824219
2024-04-16,14.600000381469727,8.0600004196167
2024-04-17,14.630000114440918,7.96999979019165
2024-04-18,15.029999732971191,8.289999961853027
2024-04-19,16.5,9.130000114440918
2024-04-22,17.549999237060547,11.239999771118164
2024-04-23,19.440000534057617,11.850000381469727
2024-04-24,19.09000015258789,11.880000114440918
2024-04-25,19.010000228881836,12.109999656677246
2024-04-26,19.43000030517578,11.930000305175781
2024-04-29,18.030000686645508,11.079999923706055
2024-04-30,16.059999465942383,10.109999656677246
2024-05-01,16.06999969482422,9.819999694824219
2024-05-02,17.06999969482422,10.300000190734863
2024-05-03,17.520000457763672,10.420000076293945
2024-05-06,20.670000076293945,10.770000457763672
2024-05-07,20.209999084472656,10.170000076293945
2024-05-08,20.09000015258789,10.350000381469727
2024-05-09,19.649999618530273,10.279999732971191
2024-05-10,17.15999984741211,9.199999809265137
2024-05-13,17.260000228881836,9.5
2024-05-14,18.06999969482422,9.779999732971191
2024-05-15,20.200000762939453,10.380000114440918
2024-05-16,19.649999618530273,10.0
2024-05-17,19.450000762939453,10.0600004196167
2024-05-20,22.31999969482422,10.960000038146973
2024-05-21,21.350000381469727,10.609999656677246
2024-05-22,21.239999771118164,10.789999961853027
2024-05-23,20.079999923706055,9.970000267028809
2024-05-24,21.209999084472656,10.369999885559082
2024-05-28,20.729999542236328,10.34000015258789
2024-05-29,20.239999771118164,10.0
2024-05-30,20.040000915527344,10.050000190734863
2024-05-31,19.520000457763672,9.739999771118164
2024-06-03,19.579999923706055,9.649999618530273
2024-06-04,20.520000457763672,9.670000076293945
2024-06-05,21.06999969482422,9.649999618530273
2024-06-06,20.799999237060547,10.15999984741211
2024-06-07,19.270000457763672,9.720000267028809
2024-06-10,19.459999084472656,9.895000457763672
2024-06-11,19.829999923706055,9.989999771118164
2024-06-12,20.309999465942383,10.640000343322754
2024-06-13,20.0,10.979999542236328
2024-06-14,19.469999313354492,10.529999732971191
2024-06-17,20.020000457763672,10.90999984741211
2024-06-18,20.280000686645508,10.65999984741211
2024-06-20,20.65999984741211,10.420000076293945
2024-06-21,19.209999084472656,9.550000190734863
2024-06-24,18.690000534057617,9.210000038146973
2024-06-25,19.25,9.199999809265137
2024-06-26,19.3700008392334,9.029999732971191
2024-06-27,19.65999984741211,9.119999885559082
2024-06-28,19.850000381469727,9.140000343322754
2024-07-01,22.559999465942383,9.949999809265137
2024-07-02,22.1200008392334,9.720000267028809
2024-07-03,20.979999542236328,9.569999694824219
2024-07-05,20.170000076293945,9.640000343322754
2024-07-08,19.5,9.399999618530273
2024-07-09,19.030000686645508,9.140000343322754
2024-07-10,18.889999389648438,9.15999984741211
2024-07-11,19.020000457763672,9.3100004196167
2024-07-12,20.770000457763672,9.805000305175781
2024-07-15,24.579999923706055,11.479999542236328
2024-07-16,26.719999313354492,12.699999809265137
2024-07-17,25.549999237060547,12.420000076293945
2024-07-18,23.649999618530273,10.949999809265137
2024-07-19,24.729999542236328,12.029999732971191
2024-07-22,23.950000762939453,12.239999771118164
2024-07-23,21.649999618530273,11.59000015258789
2024-07-24,20.670000076293945,11.319999694824219
2024-07-25,20.280000686645508,10.729999542236328
2024-07-26,21.56999969482422,11.199999809265137
2024-07-29,20.450000762939453,10.630000114440918
2024-07-30,19.729999542236328,10.369999885559082
2024-07-31,19.670000076293945,10.1899995803833
2024-08-01,18.139999389648438,9.319999694824219
2024-08-02,17.190000534057617,8.569999694824219
2024-08-05,16.950000762939453,8.3100004196167
2024-08-06,17.25,8.40999984741211
2024-08-07,15.84000015258789,7.639999866485596
2024-08-08,17.389999389648438,8.289999961853027
2024-08-09,17.030000686645508,8.0600004196167
2024-08-12,15.109999656677246,7.610000133514404
2024-08-13,15.489999771118164,7.840000152587891
2024-08-14,15.140000343322754,7.650000095367432
2024-08-15,15.460000038146973,7.679999828338623
2024-08-16,16.239999771118164,7.989999771118164
2024-08-19,16.440000534057617,8.050000190734863
2024-08-20,16.420000076293945,8.039999961853027
2024-08-21,17.6299991607666,8.350000381469727
2024-08-22,16.860000610351562,8.050000190734863
2024-08-23,18.690000534057617,8.5
2024-08-26,18.559999465942383,8.359999656677246
2024-08-27,17.75,7.900000095367432
2024-08-28,17.1299991607666,7.639999866485596
2024-08-29,16.989999771118164,7.679999828338623
2024-08-30,16.700000762939453,7.53000020980835
2024-09-03,15.260000228881836,6.78000020980835
2024-09-04,14.880000114440918,6.849999904632568
2024-09-05,13.84000015258789,6.690000057220459
2024-09-06,13.369999885559082,6.380000114440918
2024-09-09,14.619999885559082,6.809999942779541
2024-09-10,15.9399995803833,7.239999771118164
2024-09-11,15.789999961853027,7.090000152587891
2024-09-12,15.800000190734863,7.03000020980835
2024-09-13,16.1200008392334,7.199999809265137
2024-09-16,15.869999885559082,6.960000038146973
2024-09-17,15.869999885559082,7.099999904632568
2024-09-18,15.34000015258789,7.170000076293945
2024-09-19,15.449999809265137,7.21999979019165
2024-09-20,15.539999961853027,7.190000057220459
2024-09-23,16.06999969482422,7.329999923706055
2024-09-24,16.40999984741211,7.53000020980835
2024-09-25,16.139999389648438,7.440000057220459
2024-09-26,17.520000457763672,7.769999980926514
2024-09-27,17.290000915527344,7.840000152587891
2024-09-30,16.219999313354492,7.420000076293945
2024-10-01,15.069999694824219,7.079999923706055
2024-10-02,15.210000038146973,7.25
2024-10-03,15.470000267028809,7.429999828338623
2024-10-04,16.309999465942383,7.849999904632568
2024-10-07,15.989999771118164,8.15999984741211
2024-10-08,15.829999923706055,8.15999984741211
2024-10-09,15.4399995803833,7.820000171661377
2024-10-10,15.229999542236328,7.739999771118164
2024-10-11,16.079999923706055,8.40999984741211
2024-10-14,16.979999542236328,8.739999771118164
2024-10-15,16.920000076293945,8.770000457763672
2024-10-16,18.079999923706055,9.079999923706055
2024-10-17,18.010000228881836,9.199999809265137
2024-10-18,18.8799991607666,9.859999656677246
2024-10-21,18.709999084472656,9.739999771118164
2024-10-22,18.969999313354492,9.920000076293945
2024-10-23,18.06999969482422,9.770000457763672
2024-10-24,18.219999313354492,10.1899995803833
2024-10-25,17.059999465942383,9.640000343322754
2024-10-28,18.940000534057617,10.5600004196167
2024-10-29,18.940000534057617,10.869999885559082
2024-10-30,18.280000686645508,10.479999542236328
2024-10-31,16.770000457763672,9.239999771118164
2024-11-01,16.110000610351562,9.4399995803833
2024-11-04,15.5,8.979999542236328
2024-11-05,16.239999771118164,9.710000038146973
2024-11-06,19.31999969482422,12.25
2024-11-07,19.309999465942383,12.390000343322754
2024-11-08,19.25,12.8100004196167
2024-11-11,25.010000228881836,14.970000267028809
2024-11-12,25.229999542236328,14.449999809265137
2024-11-13,21.700000762939453,12.670000076293945
2024-11-14,20.790000915527344,11.864999771118164
2024-11-15,21.06999969482422,12.369999885559082
2024-11-18,18.110000610351562,12.15999984741211
2024-11-19,19.860000610351562,12.270000457763672
2024-11-20,22.6299991607666,12.149999618530273
2024-11-21,24.18000030517578,11.760000228881836
2024-11-22,26.030000686645508,12.3100004196167
2024-11-25,26.420000076293945,12.0600004196167
2024-11-26,24.969999313354492,11.170000076293945
2024-11-27,26.920000076293945,12.369999885559082
2024-11-29,27.420000076293945,12.649999618530273
2024-12-02,25.6299991607666,12.100000381469727
2024-12-03,25.1299991607666,12.140000343322754
2024-12-04,25.959999084472656,12.949999809265137
2024-12-05,24.790000915527344,12.319999694824219
2024-12-06,26.43000030517578,12.949999809265137
2024-12-09,23.860000610351562,11.210000038146973
2024-12-10,22.809999465942383,11.100000381469727
2024-12-11,23.270000457763672,11.770000457763672
2024-12-12,22.579999923706055,12.329999923706055
2024-12-13,22.729999542236328,12.989999771118164
2024-12-16,24.559999465942383,14.029999732971191
2024-12-17,24.600000381469727,13.970000267028809
2024-12-18,21.610000610351562,11.949999809265137
2024-12-19,20.3700008392334,11.1899995803833
2024-12-20,19.959999084472656,11.550000190734863
2024-12-23,19.25,10.800000190734863
2024-12-24,20.149999618530273,11.670000076293945
2024-12-26,19.299999237060547,11.550000190734863
2024-12-27,18.440000534057617,10.989999771118164
2024-12-30,17.290000915527344,10.5
2024-12-31,16.770000457763672,10.210000038146973
2025-01-02,17.209999084472656,10.460000038146973
2025-01-03,19.639999389648438,12.34000015258789
2025-01-06,20.549999237060547,12.890000343322754
2025-01-07,19.06999969482422,12.40999984741211
2025-01-08,18.34000015258789,12.020000457763672
2025-01-10,17.860000610351562,12.0
2025-01-13,17.190000534057617,11.770000457763672
2025-01-14,17.360000610351562,12.239999771118164
2025-01-15,18.149999618530273,13.460000038146973
2025-01-16,18.299999237060547,13.289999961853027
2025-01-17,19.90999984741211,13.390000343322754
2025-01-21,19.559999465942383,12.739999771118164
2025-01-22,19.690000534057617,13.140000343322754
2025-01-23,19.950000762939453,12.989999771118164
2025-01-24,19.989999771118164,13.539999961853027
2025-01-27,18.290000915527344,11.449999809265137
2025-01-28,18.260000228881836,10.949999809265137
2025-01-29,18.420000076293945,11.220000267028809
2025-01-30,19.18000030517578,11.899999618530273
2025-01-31,18.34000015258789,11.880000114440918
2025-02-03,17.950000762939453,11.989999771118164
2025-02-04,17.649999618530273,12.289999961853027
2025-02-05,17.030000686645508,11.739999771118164
2025-02-06,16.799999237060547,11.609999656677246
2025-02-07,16.770000457763672,11.640000343322754
2025-02-10,16.760000228881836,11.630000114440918
2025-02-11,16.020000457763672,11.140000343322754
2025-02-12,16.239999771118164,11.15999984741211
2025-02-13,16.90999984741211,12.229999542236328
2025-02-14,16.899999618530273,12.270000457763672
2025-02-18,16.049999237060547,11.5600004196167
2025-02-19,15.779999732971191,11.5600004196167
2025-02-20,15.949999809265137,11.600000381469727
2025-02-21,14.65999984741211,10.460000038146973
2025-02-24,13.890000343322754,9.989999771118164
2025-02-25,12.420000076293945,9.319999694824219
2025-02-26,12.449999809265137,8.9399995803833
2025-02-27,13.130000114440918,8.65999984741211
2025-02-28,13.920000076293945,9.279999732971191
2025-03-03,13.789999961853027,8.859999656677246
2025-03-04,13.970000267028809,8.40999984741211
2025-03-05,15.119999885559082,8.880000114440918
2025-03-06,15.09000015258789,8.114999771118164
2025-03-07,16.020000457763672,8.369999885559082
2025-03-10,13.40999984741211,7.559999942779541
2025-03-11,13.319999694824219,7.71999979019165
2025-03-12,13.109999656677246,7.849999904632568
2025-03-13,12.15999984741211,7.309999942779541
2025-03-14,13.180000305175781,7.820000171661377
2025-03-17,12.970000267028809,7.760000228881836
2025-03-18,12.069999694824219,7.400000095367432
2025-03-19,12.529999732971191,7.78000020980835
2025-03-20,12.5,7.760000228881836
2025-03-21,12.380000114440918,7.949999809265137
2025-03-24,14.609999656677246,8.720000267028809
2025-03-25,14.25,8.510000228881836
2025-03-26,13.789999961853027,7.900000095367432
2025-03-27,13.640000343322754,7.769999980926514
2025-03-28,12.470000267028809,7.409999847412109
2025-03-31,11.5,7.119999885559082
2025-04-01,11.84000015258789,7.539999961853027
2025-04-02,12.420000076293945,8.020000457763672
2025-04-03,11.229999542236328,7.300000190734863
2025-04-04,11.300000190734863,7.139999866485596
2025-04-07,11.260000228881836,7.110000133514404
2025-04-08,10.520000457763672,6.539999961853027
2025-04-09,12.3100004196167,7.375
2025-04-10,11.739999771118164,6.789999961853027
2025-04-11,12.510000228881836,7.059999942779541
2025-04-14,12.949999809265137,7.010000228881836
2025-04-15,12.579999923706055,6.550000190734863
2025-04-16,12.319999694824219,6.360000133514404
2025-04-17,12.65999984741211,6.460000038146973
2025-04-21,12.289999961853027,6.289999961853027
2025-04-22,14.0600004196167,7.119999885559082
2025-04-23,14.130000114440918,7.5
2025-04-24,14.010000228881836,7.789999961853027
2025-04-25,14.300000190734863,7.769999980926514
2025-04-28,14.010000228881836,7.630000114440918
2025-04-29,14.220000267028809,7.420000076293945
2025-04-30,13.369999885559082,7.239999771118164
2025-05-01,14.050000190734863,7.769999980926514
2025-05-02,14.479999542236328,8.390000343322754
2025-05-05,13.09000015258789,7.900000095367432
2025-05-06,13.149999618530273,7.860000133514404
2025-05-07,13.329999923706055,7.840000152587891
2025-05-08,14.289999961853027,8.4399995803833
2025-05-09,15.760000228881836,8.479999542236328
2025-05-12,15.949999809265137,8.699999809265137
2025-05-13,16.3700008392334,9.0600004196167
2025-05-14,15.869999885559082,8.90999984741211
2025-05-15,15.680000305175781,8.699999809265137
2025-05-16,16.209999084472656,9.149999618530273
2025-05-19,16.31999969482422,8.970000267028809
2025-05-20,16.190000534057617,8.930000305175781
2025-05-21,15.84000015258789,8.84000015258789
2025-05-22,15.649999618530273,8.9399995803833
2025-05-23,14.729999542236328,8.550000190734863
2025-05-27,16.440000534057617,9.140000343322754
2025-05-28,14.859999656677246,8.380000114440918
2025-05-29,14.609999656677246,8.180000305175781
2025-05-30,14.119999885559082,8.069999694824219
2025-06-02,14.359999656677246,8.479999542236328
2025-06-03,15.329999923706055,9.029999732971191
2025-06-04,15.670000076293945,9.5
2025-06-05,14.880000114440918,8.989999771118164
2025-06-06,15.779999732971191,9.850000381469727
2025-06-09,16.270000457763672,10.119999885559082
2025-06-10,16.489999771118164,10.449999809265137
2025-06-11,16.350000381469727,10.550000190734863
2025-06-12,15.819999694824219,10.210000038146973
2025-06-13,15.039999961853027,9.720000267028809
2025-06-16,15.319999694824219,10.170000076293945
2025-06-17,14.670000076293945,9.65999984741211
2025-06-18,14.489999771118164,9.9399995803833
2025-06-20,14.319999694824219,9.5600004196167
2025-06-23,14.180000305175781,9.270000457763672
2025-06-24,14.880000114440918,10.020000457763672
2025-06-25,14.979999542236328,10.0
2025-06-26,15.270000457763672,10.510000228881836
2025-06-27,15.029999732971191,10.550000190734863
2025-06-30,15.680000305175781,11.300000190734863
2025-07-01,15.699999809265137,11.270000457763672
2025-07-02,17.799999237060547,12.199999809265137
2025-07-03,17.65999984741211,12.170000076293945
2025-07-07,16.75,11.550000190734863
2025-07-08,17.520000457763672,11.569999694824219
2025-07-09,18.459999084472656,12.239999771118164
2025-07-10,19.0,12.59000015258789
2025-07-11,19.139999389648438,12.420000076293945
2025-07-14,19.209999084472656,12.510000228881836
2025-07-15,18.760000228881836,12.100000381469727
2025-07-16,19.440000534057617,12.569999694824219
2025-07-17,19.969999313354492,13.329999923706055
2025-07-18,19.510000228881836,13.859999656677246
2025-07-21,18.829999923706055,14.020000457763672
2025-07-22,19.8799991607666,14.270000457763672
2025-07-23,17.56999969482422,14.34000015258789
2025-07-24,17.260000228881836,14.6899995803833
2025-07-25,17.25,14.539999961853027
2025-07-28,17.15999984741211,14.510000228881836
2025-07-29,16.610000610351562,13.600000381469727
2025-07-30,16.549999237060547,13.520000457763672
2025-07-31,16.079999923706055,13.40999984741211
2025-08-01,15.5,11.029999732971191
2025-08-04,16.040000915527344,11.420000076293945
2025-08-05,15.619999885559082,11.130000114440918
2025-08-06,15.890000343322754,11.65999984741211
2025-08-07,15.949999809265137,11.579999923706055
2025-08-08,15.380000114440918,11.079999923706055
2025-08-11,15.65999984741211,11.109999656677246
2025-08-12,15.720000267028809,11.4399995803833
2025-08-13,15.859999656677246,11.59000015258789
2025-08-14,15.75,12.25
2025-08-15,15.670000076293945,11.329999923706055
2025-08-18,16.09000015258789,12.319999694824219
2025-08-19,15.170000076293945,11.960000038146973
2025-08-20,15.449999809265137,12.520000457763672
2025-08-21,15.510000228881836,12.270000457763672
2025-08-22,16.290000915527344,13.220000267028809
